Survived,Sex,Age,SibSp,Parch,Fare,Embarked_C,Embarked_Q,Embarked_S,Pclass_1,Pclass_2,Pclass_3
0,1,-0.6119166323502879,0.8102200324595066,0.0,-0.8205524467753036,0.0,0.0,1.0,0.0,0.0,1.0
1,0,0.7153043494803103,0.8102200324595066,0.0,2.0316232164746784,1.0,0.0,0.0,1.0,0.0,0.0
1,0,-0.2801113868926384,-0.6025119615158758,0.0,-0.7875775669667633,0.0,0.0,1.0,0.0,0.0,1.0
1,0,0.4664504153870731,0.8102200324595066,0.0,1.4192967965159125,0.0,0.0,1.0,1.0,0.0,0.0
0,1,0.4664504153870731,-0.6025119615158758,0.0,-0.7814711077429595,0.0,0.0,1.0,0.0,0.0,1.0
0,1,0.02673527282213031,-0.6025119615158758,0.0,-0.761524969334327,0.0,1.0,0.0,0.0,0.0,1.0
0,1,2.0425253313109084,-0.6025119615158758,0.0,1.358842850200255,0.0,0.0,1.0,1.0,0.0,0.0
0,1,-2.2294672039563297,2.9293180234225806,0.0,-0.14517805662260871,0.0,0.0,1.0,0.0,0.0,1.0
1,0,-0.19716007552822604,-0.6025119615158758,0.0,-0.6308467419449267,0.0,0.0,1.0,0.0,0.0,1.0
1,0,-1.2755271232655871,0.8102200324595066,0.0,0.2942818304613415,1.0,0.0,0.0,0.0,1.0,0.0
1,0,-2.105040236909711,0.8102200324595066,0.0,-0.35890412945574,0.0,0.0,1.0,0.0,0.0,1.0
1,0,2.084000986993115,-0.6025119615158758,0.0,0.12228485737999564,0.0,0.0,1.0,1.0,0.0,0.0
0,1,-0.7778192550791128,-0.6025119615158758,0.0,-0.7814711077429595,0.0,0.0,1.0,0.0,0.0,1.0
0,1,0.7982556608447227,0.8102200324595066,0.0,0.35310901603977735,0.0,0.0,1.0,0.0,0.0,1.0
0,0,-1.2755271232655871,-0.6025119615158758,0.0,-0.7910362654711258,0.0,0.0,1.0,0.0,0.0,1.0
1,0,2.084000986993115,-0.6025119615158758,0.0,-0.393100301109041,0.0,0.0,1.0,0.0,1.0,0.0
0,1,-2.2294672039563297,2.9293180234225806,0.0,0.24807791739035287,0.0,1.0,0.0,0.0,0.0,1.0
1,1,0.02673527282213031,-0.6025119615158758,0.0,-0.539655322480331,0.0,0.0,1.0,0.0,1.0,0.0
0,0,0.13464516992942355,0.8102200324595066,0.0,-0.29539695352818096,0.0,0.0,1.0,0.0,0.0,1.0
1,0,0.02673527282213031,-0.6025119615158758,0.0,-0.8217737386200644,1.0,0.0,0.0,0.0,0.0,1.0
0,1,0.4664504153870731,-0.6025119615158758,0.0,0.0954164367952591,0.0,0.0,1.0,0.0,1.0,0.0
1,1,0.3834991040226607,-0.6025119615158758,0.0,-0.539655322480331,0.0,0.0,1.0,0.0,1.0,0.0
1,0,-1.1925758119011747,-0.6025119615158758,0.0,-0.7824872225578006,0.0,1.0,0.0,0.0,0.0,1.0
1,1,-0.11420876416381363,-0.6025119615158758,0.0,0.5595073378043441,0.0,0.0,1.0,1.0,0.0,0.0
0,0,-1.7732349914520615,2.9293180234225806,0.0,-0.14517805662260871,0.0,0.0,1.0,0.0,0.0,1.0
1,0,0.7153043494803103,0.8102200324595066,0.0,0.35860482934120075,0.0,0.0,1.0,0.0,0.0,1.0
0,1,0.02673527282213031,-0.6025119615158758,0.0,-0.8217737386200644,1.0,0.0,0.0,0.0,0.0,1.0
0,1,-0.8607705664435251,2.9293180234225806,0.0,2.0316232164746784,0.0,0.0,1.0,1.0,0.0,0.0
1,0,0.02673527282213031,-0.6025119615158758,0.0,-0.789814973626365,0.0,1.0,0.0,0.0,0.0,1.0
0,1,0.02673527282213031,-0.6025119615158758,0.0,-0.7890040358414437,0.0,0.0,1.0,0.0,0.0,1.0
0,1,0.881206972209135,-0.6025119615158758,0.0,0.1794803970538311,1.0,0.0,0.0,1.0,0.0,0.0
1,0,0.02673527282213031,0.8102200324595066,0.0,2.0316232164746784,1.0,0.0,0.0,1.0,0.0,0.0
1,0,0.02673527282213031,-0.6025119615158758,0.0,-0.7961266098800885,0.0,1.0,0.0,0.0,0.0,1.0
0,1,2.084000986993115,-0.6025119615158758,0.0,-0.661784506956406,0.0,0.0,1.0,0.0,1.0,0.0
0,1,-0.11420876416381363,0.8102200324595066,0.0,2.0316232164746784,1.0,0.0,0.0,1.0,0.0,0.0
0,1,1.0471095949379599,0.8102200324595066,0.0,1.3655599553464393,0.0,0.0,1.0,1.0,0.0,0.0
1,1,0.02673527282213031,-0.6025119615158758,0.0,-0.8215685615901446,1.0,0.0,0.0,0.0,0.0,1.0
0,1,-0.6948679437147004,-0.6025119615158758,0.0,-0.7814711077429595,0.0,0.0,1.0,0.0,0.0,1.0
0,0,-0.9437218778079376,2.222952026434889,0.0,-0.29539695352818096,0.0,0.0,1.0,0.0,0.0,1.0
1,0,-1.2755271232655871,0.8102200324595066,0.0,-0.6255512205060441,1.0,0.0,0.0,0.0,0.0,1.0
0,0,0.881206972209135,0.8102200324595066,0.0,-0.7118574725915968,0.0,0.0,1.0,0.0,0.0,1.0
0,0,-0.19716007552822604,0.8102200324595066,0.0,-0.14884193215689093,0.0,0.0,1.0,0.0,1.0,0.0
0,1,0.02673527282213031,-0.6025119615158758,0.0,-0.7890040358414437,1.0,0.0,0.0,0.0,0.0,1.0
1,0,-2.1879915482741232,0.8102200324595066,0.0,0.8564864331111263,1.0,0.0,0.0,0.0,1.0,0.0
1,0,-0.8607705664435251,-0.6025119615158758,0.0,-0.789814973626365,0.0,1.0,0.0,0.0,0.0,1.0
0,1,0.02673527282213031,-0.6025119615158758,0.0,-0.7814711077429595,0.0,0.0,1.0,0.0,0.0,1.0
0,1,0.02673527282213031,0.8102200324595066,0.0,-0.417526138004256,0.0,1.0,0.0,0.0,0.0,1.0
1,0,0.02673527282213031,-0.6025119615158758,0.0,-0.7961266098800885,0.0,1.0,0.0,0.0,0.0,1.0
0,1,0.02673527282213031,2.222952026434889,0.0,-0.1156618753184308,1.0,0.0,0.0,0.0,0.0,1.0
0,0,-0.9437218778079376,0.8102200324595066,0.0,-0.30516728828626694,0.0,0.0,1.0,0.0,0.0,1.0
0,1,-1.8561863028164738,2.9293180234225806,0.0,0.7640737218017698,0.0,0.0,1.0,0.0,0.0,1.0
0,1,-0.6948679437147004,-0.6025119615158758,0.0,-0.793684026190567,0.0,0.0,1.0,0.0,0.0,1.0
1,0,1.6277687744888465,0.8102200324595066,0.0,2.0316232164746784,1.0,0.0,0.0,1.0,0.0,0.0
1,0,-0.031257452799401245,0.8102200324595066,0.0,0.0954164367952591,0.0,0.0,1.0,0.0,1.0,0.0
0,1,2.084000986993115,-0.6025119615158758,0.0,1.8530605784358982,1.0,0.0,0.0,1.0,0.0,0.0
1,1,0.02673527282213031,-0.6025119615158758,0.0,0.5595073378043441,0.0,0.0,1.0,1.0,0.0,0.0
1,0,-0.6948679437147004,-0.6025119615158758,0.0,-0.661784506956406,0.0,0.0,1.0,0.0,1.0,0.0
0,1,-0.07273310848160744,-0.6025119615158758,0.0,-0.8215685615901446,1.0,0.0,0.0,0.0,0.0,1.0
1,0,-2.0220889255452987,0.8102200324595066,0.0,0.18090686592851163,0.0,0.0,1.0,0.0,1.0,0.0
0,1,-1.5243810573588243,2.9293180234225806,0.0,1.1164164190152461,0.0,0.0,1.0,0.0,0.0,1.0
0,1,-0.6119166323502879,-0.6025119615158758,0.0,-0.8215685615901446,1.0,0.0,0.0,0.0,0.0,1.0
1,0,0.7153043494803103,-0.6025119615158758,0.0,2.0316232164746784,0.0,0.0,1.0,1.0,0.0,0.0
0,1,1.295963529031197,0.8102200324595066,0.0,2.0316232164746784,0.0,0.0,1.0,1.0,0.0,0.0
0,1,-2.105040236909711,2.9293180234225806,0.0,0.18823461699707605,0.0,0.0,1.0,0.0,0.0,1.0
0,1,0.02673527282213031,-0.6025119615158758,0.0,0.1794803970538311,1.0,0.0,0.0,1.0,0.0,0.0
1,1,0.02673527282213031,0.8102200324595066,0.0,-0.42994423348178334,1.0,0.0,0.0,0.0,0.0,1.0
1,0,-0.031257452799401245,-0.6025119615158758,0.0,-0.661784506956406,0.0,0.0,1.0,0.0,1.0,0.0
0,1,-0.8607705664435251,-0.6025119615158758,0.0,-0.776180471471456,0.0,0.0,1.0,0.0,0.0,1.0
1,0,-1.02667318917235,2.9293180234225806,0.0,-0.7875775669667633,0.0,0.0,1.0,0.0,0.0,1.0
0,1,-0.2801113868926384,2.222952026434889,0.0,-0.7515494575463212,0.0,0.0,1.0,0.0,0.0,1.0
0,1,0.21759648129383594,-0.6025119615158758,0.0,-0.661784506956406,0.0,0.0,1.0,0.0,1.0,0.0
0,0,-1.1096245005367624,2.9293180234225806,0.0,1.1164164190152461,0.0,0.0,1.0,0.0,0.0,1.0
0,1,-0.6948679437147004,-0.6025119615158758,0.0,2.0316232164746784,0.0,0.0,1.0,0.0,1.0,0.0
0,1,-0.2801113868926384,0.8102200324595066,0.0,-0.46861521845428766,1.0,0.0,0.0,0.0,0.0,1.0
1,1,0.21759648129383594,-0.6025119615158758,0.0,1.5851873103734548,0.0,0.0,1.0,0.0,0.0,1.0
0,1,-0.3630626982570508,-0.6025119615158758,0.0,-0.8010117772591314,0.0,0.0,1.0,0.0,0.0,1.0
0,1,0.02673527282213031,-0.6025119615158758,0.0,-0.7890040358414437,0.0,0.0,1.0,0.0,0.0,1.0
0,1,0.02673527282213031,-0.6025119615158758,0.0,-0.7814711077429595,0.0,0.0,1.0,0.0,0.0,1.0
1,1,-2.2294672039563297,-0.6025119615158758,0.0,0.24197145816654914,0.0,0.0,1.0,0.0,1.0,0.0
1,0,0.051693858565011144,-0.6025119615158758,0.0,-0.5653024512203068,0.0,0.0,1.0,0.0,0.0,1.0
0,1,-0.6119166323502879,-0.6025119615158758,0.0,-0.735062017642051,0.0,0.0,1.0,0.0,0.0,1.0
1,1,-0.031257452799401245,-0.6025119615158758,0.0,-0.710636180746836,0.0,0.0,1.0,0.0,0.0,1.0
1,0,0.02673527282213031,-0.6025119615158758,0.0,-0.7942946721129476,0.0,1.0,0.0,0.0,0.0,1.0
0,1,-0.11420876416381363,-0.6025119615158758,0.0,1.1261867537733323,0.0,0.0,1.0,1.0,0.0,0.0
1,0,-1.02667318917235,-0.6025119615158758,0.0,-0.661784506956406,0.0,0.0,1.0,0.0,1.0,0.0
1,0,0.3005477926582483,2.9293180234225806,0.0,-0.4004280521776055,0.0,0.0,1.0,0.0,0.0,1.0
0,1,-1.1096245005367624,0.8102200324595066,0.0,0.5045492047901105,0.0,0.0,1.0,0.0,0.0,1.0
0,1,0.02673527282213031,-0.6025119615158758,0.0,-0.7814711077429595,0.0,0.0,1.0,0.0,0.0,1.0
1,0,-0.5289653209858756,2.9293180234225806,0.0,2.0316232164746784,0.0,0.0,1.0,1.0,0.0,0.0
0,1,-0.4460140096214632,-0.6025119615158758,0.0,-0.7814711077429595,0.0,0.0,1.0,0.0,0.0,1.0
0,1,-0.031257452799401245,-0.6025119615158758,0.0,-0.7814711077429595,0.0,0.0,1.0,0.0,0.0,1.0
0,1,-0.7778192550791128,-0.6025119615158758,0.0,-0.7910362654711258,0.0,0.0,1.0,0.0,0.0,1.0
0,1,1.3789148403956093,0.8102200324595066,0.0,1.8137740623736347,0.0,0.0,1.0,1.0,0.0,0.0
0,1,-0.2801113868926384,0.8102200324595066,0.0,-0.16960389351782373,0.0,0.0,1.0,0.0,0.0,1.0
0,1,2.084000986993115,-0.6025119615158758,0.0,-0.8205524467753036,0.0,0.0,1.0,0.0,0.0,1.0
0,1,0.02673527282213031,-0.6025119615158758,0.0,-0.7814711077429595,0.0,0.0,1.0,0.0,0.0,1.0
0,1,2.084000986993115,-0.6025119615158758,0.0,0.5181885921123986,1.0,0.0,0.0,1.0,0.0,0.0
1,1,-0.5289653209858756,-0.6025119615158758,0.0,1.9204319217602805,1.0,0.0,0.0,1.0,0.0,0.0
1,0,0.3834991040226607,-0.6025119615158758,0.0,-0.051138584576030925,0.0,0.0,1.0,0.0,1.0,0.0
0,1,0.3834991040226607,0.8102200324595066,0.0,0.0954164367952591,0.0,0.0,1.0,0.0,1.0,0.0
0,0,-0.11420876416381363,-0.6025119615158758,0.0,-0.7890040358414437,0.0,0.0,1.0,0.0,0.0,1.0
0,1,0.02673527282213031,-0.6025119615158758,0.0,-0.7890040358414437,0.0,0.0,1.0,0.0,0.0,1.0
0,1,-0.6948679437147004,-0.6025119615158758,0.0,2.0316232164746784,0.0,0.0,1.0,1.0,0.0,0.0
0,1,0.3005477926582483,-0.6025119615158758,0.0,-0.7519549264387818,0.0,0.0,1.0,0.0,0.0,1.0
0,1,0.6323530381158979,2.222952026434889,0.0,-0.7875775669667633,0.0,0.0,1.0,0.0,0.0,1.0
0,1,-0.11420876416381363,-0.6025119615158758,0.0,-0.7890040358414437,0.0,0.0,1.0,0.0,0.0,1.0
1,0,-0.6948679437147004,-0.6025119615158758,0.0,-0.8010117772591314,0.0,0.0,1.0,0.0,0.0,1.0
1,1,0.02673527282213031,-0.6025119615158758,0.0,-0.7949053180353277,0.0,0.0,1.0,0.0,0.0,1.0
0,1,0.7153043494803103,-0.6025119615158758,0.0,-0.7890040358414437,0.0,0.0,1.0,0.0,0.0,1.0
1,0,0.02673527282213031,0.8102200324595066,0.0,0.005040840282963516,0.0,1.0,0.0,0.0,0.0,1.0
0,1,1.4618661517600218,-0.6025119615158758,0.0,1.3655599553464393,0.0,0.0,1.0,1.0,0.0,0.0
0,0,-1.234051467583381,0.8102200324595066,0.0,-0.46861521845428766,1.0,0.0,0.0,0.0,0.0,1.0
0,1,-0.6119166323502879,-0.6025119615158758,0.0,-0.7814711077429595,0.0,0.0,1.0,0.0,0.0,1.0
0,0,-0.7778192550791128,0.8102200324595066,0.0,-0.6947593867649463,0.0,0.0,1.0,0.0,0.0,1.0
0,0,-1.02667318917235,-0.6025119615158758,0.0,-0.46841492659174694,1.0,0.0,0.0,0.0,0.0,1.0
0,1,-0.6948679437147004,-0.6025119615158758,0.0,-0.7875775669667633,0.0,0.0,1.0,0.0,0.0,1.0
0,1,2.084000986993115,-0.6025119615158758,0.0,-0.7961266098800885,0.0,1.0,0.0,0.0,0.0,1.0
0,1,-0.031257452799401245,0.8102200324595066,0.0,-0.14884193215689093,0.0,0.0,1.0,0.0,1.0,0.0
0,1,-0.4460140096214632,-0.6025119615158758,0.0,2.0316232164746784,1.0,0.0,0.0,1.0,0.0,0.0
0,0,-2.2294672039563297,2.9293180234225806,0.0,0.35310901603977735,0.0,0.0,1.0,0.0,0.0,1.0
0,1,-0.6948679437147004,2.222952026434889,0.0,2.0316232164746784,0.0,0.0,1.0,0.0,1.0,0.0
0,1,0.02673527282213031,-0.6025119615158758,0.0,-0.7814711077429595,0.0,0.0,1.0,0.0,0.0,1.0
0,1,0.25907213697604214,0.8102200324595066,0.0,0.2942818304613415,1.0,0.0,0.0,0.0,1.0,0.0
1,0,0.25907213697604214,-0.6025119615158758,0.0,-0.539655322480331,0.0,0.0,1.0,0.0,1.0,0.0
0,1,2.0425253313109084,-0.6025119615158758,0.0,2.0316232164746784,0.0,0.0,1.0,1.0,0.0,0.0
1,1,-1.4414297459944119,0.8102200324595066,0.0,-0.6255512205060441,1.0,0.0,0.0,0.0,0.0,1.0
0,1,0.02673527282213031,-0.6025119615158758,0.0,-0.7961266098800885,0.0,1.0,0.0,0.0,0.0,1.0
1,1,-0.4460140096214632,-0.6025119615158758,0.0,-0.8258430830468071,0.0,0.0,1.0,0.0,0.0,1.0
1,0,0.02673527282213031,0.8102200324595066,0.0,-0.08248670364734986,1.0,0.0,0.0,0.0,0.0,1.0
0,1,1.295963529031197,-0.6025119615158758,0.0,-0.8339866570676719,0.0,0.0,1.0,0.0,0.0,1.0
0,1,0.3005477926582483,-0.6025119615158758,0.0,-0.7890040358414437,1.0,0.0,0.0,0.0,0.0,1.0
0,1,-0.7778192550791128,-0.6025119615158758,0.0,-0.8303227815333896,0.0,0.0,1.0,0.0,0.0,1.0
0,0,1.4618661517600218,0.8102200324595066,0.0,-0.466377811794686,0.0,0.0,1.0,0.0,0.0,1.0
1,0,-0.031257452799401245,0.8102200324595066,0.0,0.0954164367952591,0.0,0.0,1.0,0.0,1.0,0.0
0,1,-0.3630626982570508,-0.6025119615158758,0.0,-0.539655322480331,0.0,0.0,1.0,0.0,1.0,0.0
0,1,-0.5289653209858756,-0.6025119615158758,0.0,-0.4397145682398693,1.0,0.0,0.0,0.0,1.0,0.0
1,0,-0.8607705664435251,-0.6025119615158758,0.0,0.10925611598008794,0.0,0.0,1.0,1.0,0.0,0.0
0,1,0.6323530381158979,0.8102200324595066,0.0,1.4192967965159125,0.0,0.0,1.0,1.0,0.0,0.0
0,1,-1.1096245005367624,-0.6025119615158758,0.0,-0.7244758599316649,0.0,0.0,1.0,0.0,0.0,1.0
0,1,-0.4460140096214632,-0.6025119615158758,0.0,2.0316232164746784,1.0,0.0,0.0,1.0,0.0,0.0
0,0,0.02673527282213031,-0.6025119615158758,0.0,-0.42994423348178334,1.0,0.0,0.0,0.0,0.0,1.0
1,0,-0.6119166323502879,-0.6025119615158758,0.0,-0.7961266098800885,0.0,0.0,1.0,0.0,0.0,1.0
1,0,-0.4460140096214632,0.8102200324595066,0.0,-0.4004280521776055,0.0,0.0,1.0,0.0,0.0,1.0
0,1,-0.8607705664435251,-0.6025119615158758,0.0,-0.8449782836705185,0.0,1.0,0.0,0.0,0.0,1.0
0,1,-0.9437218778079376,-0.6025119615158758,0.0,-0.612932833165976,0.0,0.0,1.0,0.0,1.0,0.0
0,1,-0.8607705664435251,0.8102200324595066,0.0,0.6205719300423816,0.0,0.0,1.0,0.0,1.0,0.0
1,1,-0.19716007552822604,-0.6025119615158758,0.0,-0.7938892032204868,0.0,0.0,1.0,0.0,0.0,1.0
0,0,-1.690283680087649,2.222952026434889,0.0,0.5045492047901105,0.0,0.0,1.0,0.0,0.0,1.0
0,1,0.5908773824336917,-0.6025119615158758,0.0,0.0954164367952591,0.0,0.0,1.0,0.0,1.0,0.0
0,1,1.0471095949379599,-0.6025119615158758,0.0,-0.539655322480331,0.0,0.0,1.0,0.0,1.0,0.0
0,1,1.7936713972176714,-0.6025119615158758,0.0,-0.5628598675307852,0.0,0.0,1.0,0.0,1.0,0.0
1,0,-0.6119166323502879,0.8102200324595066,0.0,2.0316232164746784,0.0,0.0,1.0,1.0,0.0,0.0
0,1,2.084000986993115,-0.6025119615158758,0.0,-0.7814711077429595,0.0,0.0,1.0,0.0,0.0,1.0
0,1,0.9226826278913413,-0.6025119615158758,0.0,-0.466377811794686,0.0,0.0,1.0,0.0,0.0,1.0
0,1,0.02673527282213031,-0.6025119615158758,0.0,-0.8174992171634017,0.0,0.0,1.0,0.0,0.0,1.0
0,1,1.7936713972176714,-0.6025119615158758,0.0,1.8237495741616405,1.0,0.0,0.0,1.0,0.0,0.0
1,0,-1.1096245005367624,-0.6025119615158758,0.0,-0.7969424328323887,0.0,1.0,0.0,0.0,0.0,1.0
0,1,0.051693858565011144,-0.6025119615158758,0.0,-0.7814711077429595,0.0,0.0,1.0,0.0,0.0,1.0
0,1,0.02673527282213031,-0.6025119615158758,0.0,-0.7515494575463212,0.0,0.0,1.0,0.0,0.0,1.0
0,1,0.02673527282213031,2.9293180234225806,0.0,2.0316232164746784,0.0,0.0,1.0,0.0,0.0,1.0
0,1,1.2130122176667846,-0.6025119615158758,0.0,-0.3882151337299979,0.0,0.0,1.0,0.0,0.0,1.0
1,0,0.881206972209135,-0.6025119615158758,0.0,-0.4053132195566485,0.0,0.0,1.0,0.0,1.0,0.0
0,1,-0.2801113868926384,-0.6025119615158758,0.0,-0.7949053180353277,0.0,0.0,1.0,0.0,0.0,1.0
0,1,-1.02667318917235,-0.6025119615158758,0.0,-0.7515494575463212,0.0,0.0,1.0,0.0,0.0,1.0
0,1,-2.2294672039563297,2.9293180234225806,0.0,0.7640737218017698,0.0,0.0,1.0,0.0,0.0,1.0
1,1,-1.690283680087649,-0.6025119615158758,0.0,-0.17204647720734526,0.0,0.0,1.0,0.0,0.0,1.0
1,0,0.02673527282213031,-0.6025119615158758,0.0,1.5121149767177293,0.0,0.0,1.0,1.0,0.0,0.0
0,0,1.295963529031197,0.8102200324595066,0.0,0.18823461699707605,0.0,0.0,1.0,0.0,0.0,1.0
0,1,0.02673527282213031,-0.6025119615158758,0.0,0.09175256126097689,0.0,0.0,1.0,1.0,0.0,0.0
0,1,-0.11420876416381363,-0.6025119615158758,0.0,1.5851873103734548,0.0,0.0,1.0,0.0,0.0,1.0
0,1,2.084000986993115,-0.6025119615158758,0.0,0.4618039902234842,0.0,0.0,1.0,1.0,0.0,0.0
0,1,-2.105040236909711,2.9293180234225806,0.0,0.24807791739035287,0.0,1.0,0.0,0.0,0.0,1.0
1,0,-2.2294672039563297,0.8102200324595066,0.0,-0.6308467419449267,0.0,0.0,1.0,0.0,0.0,1.0
0,1,-0.6948679437147004,-0.6025119615158758,0.0,-0.7875775669667633,0.0,0.0,1.0,0.0,0.0,1.0
0,1,2.084000986993115,-0.6025119615158758,0.0,0.32481412658036024,1.0,0.0,0.0,1.0,0.0,0.0
0,1,-0.9437218778079376,0.8102200324595066,0.0,-0.7910362654711258,0.0,0.0,1.0,0.0,0.0,1.0
0,1,0.02673527282213031,2.9293180234225806,0.0,0.06936383916282275,0.0,0.0,1.0,0.0,0.0,1.0
0,0,1.710720085853259,-0.6025119615158758,0.0,0.22792660195180042,1.0,0.0,0.0,1.0,0.0,0.0
0,1,0.051693858565011144,-0.6025119615158758,0.0,-0.539655322480331,0.0,0.0,1.0,0.0,1.0,0.0
0,1,0.5494017267514855,-0.6025119615158758,0.0,-1.1747270817559212,0.0,0.0,1.0,0.0,0.0,1.0
0,0,0.02673527282213031,2.9293180234225806,0.0,2.0316232164746784,0.0,0.0,1.0,0.0,0.0,1.0
0,1,0.02673527282213031,-0.6025119615158758,0.0,-0.4395093912099495,1.0,0.0,0.0,0.0,1.0,0.0
0,1,-1.690283680087649,2.9293180234225806,0.0,0.35860482934120075,0.0,0.0,1.0,0.0,0.0,1.0
1,1,-2.2294672039563297,2.222952026434889,0.0,0.7304881960708492,0.0,0.0,1.0,0.0,1.0,0.0
1,0,-2.105040236909711,-0.6025119615158758,0.0,-0.09876896652170025,0.0,0.0,1.0,0.0,0.0,1.0
0,1,0.02673527282213031,-0.6025119615158758,0.0,1.2678566077655793,0.0,0.0,1.0,1.0,0.0,0.0
1,0,0.02673527282213031,0.8102200324595066,0.0,-0.417526138004256,0.0,1.0,0.0,0.0,0.0,1.0
1,1,1.295963529031197,-0.6025119615158758,0.0,0.12228485737999564,0.0,0.0,1.0,1.0,0.0,0.0
0,1,0.881206972209135,0.8102200324595066,0.0,-0.417526138004256,0.0,1.0,0.0,0.0,0.0,1.0
0,1,0.5494017267514855,-0.6025119615158758,0.0,-0.7890040358414437,0.0,0.0,1.0,0.0,0.0,1.0
1,0,0.21759648129383594,-0.6025119615158758,0.0,-0.539655322480331,0.0,0.0,1.0,0.0,1.0,0.0
0,1,-0.8607705664435251,-0.6025119615158758,0.0,-0.539655322480331,0.0,0.0,1.0,0.0,1.0,0.0
1,0,-0.8607705664435251,0.8102200324595066,0.0,-0.7910362654711258,0.0,0.0,1.0,0.0,0.0,1.0
1,1,-2.1879915482741232,0.8102200324595066,0.0,0.0954164367952591,0.0,0.0,1.0,0.0,1.0,0.0
1,0,1.2130122176667846,-0.6025119615158758,0.0,0.1794803970538311,1.0,0.0,0.0,1.0,0.0,0.0
1,0,2.084000986993115,-0.6025119615158758,0.0,2.0316232164746784,1.0,0.0,0.0,1.0,0.0,0.0
0,1,0.02673527282213031,-0.6025119615158758,0.0,-0.7961266098800885,0.0,1.0,0.0,0.0,0.0,1.0
0,1,1.0471095949379599,-0.6025119615158758,0.0,-0.7641678448863892,0.0,0.0,1.0,0.0,0.0,1.0
1,0,0.02673527282213031,-0.6025119615158758,0.0,-0.7961266098800885,0.0,1.0,0.0,0.0,0.0,1.0
0,0,-0.4460140096214632,-0.6025119615158758,0.0,-0.539655322480331,0.0,0.0,1.0,0.0,1.0,0.0
0,1,-0.11420876416381363,-0.6025119615158758,0.0,-0.710636180746836,0.0,0.0,1.0,0.0,0.0,1.0
0,1,0.02673527282213031,2.9293180234225806,0.0,2.0316232164746784,0.0,0.0,1.0,0.0,0.0,1.0
0,1,0.3834991040226607,-0.6025119615158758,0.0,-0.8573963791480459,0.0,0.0,1.0,0.0,0.0,1.0
0,1,1.3374391847134033,-0.6025119615158758,0.0,-0.8217737386200644,1.0,0.0,0.0,0.0,0.0,1.0
1,1,-0.9437218778079376,-0.6025119615158758,0.0,-0.7814711077429595,0.0,0.0,1.0,0.0,0.0,1.0
0,0,-2.2294672039563297,-0.6025119615158758,0.0,-0.6636164447235471,0.0,0.0,1.0,0.0,0.0,1.0
0,1,0.21759648129383594,0.8102200324595066,0.0,-0.4004280521776055,0.0,0.0,1.0,0.0,0.0,1.0
1,1,-0.2801113868926384,-0.6025119615158758,0.0,-0.25692626041821726,1.0,0.0,0.0,0.0,0.0,1.0
1,0,-1.1096245005367624,-0.6025119615158758,0.0,-0.7961266098800885,0.0,1.0,0.0,0.0,0.0,1.0
1,1,0.881206972209135,-0.6025119615158758,0.0,0.33967480574740916,1.0,0.0,0.0,1.0,0.0,0.0
0,1,-0.4460140096214632,-0.6025119615158758,0.0,-0.8303227815333896,0.0,0.0,1.0,0.0,0.0,1.0
1,0,0.4664504153870731,-0.6025119615158758,0.0,-0.14884193215689093,0.0,0.0,1.0,0.0,1.0,0.0
0,1,-0.6119166323502879,-0.6025119615158758,0.0,-0.8205524467753036,0.0,0.0,1.0,0.0,0.0,1.0
0,1,0.051693858565011144,-0.6025119615158758,0.0,-0.539655322480331,0.0,0.0,1.0,0.0,1.0,0.0
0,1,0.02673527282213031,0.8102200324595066,0.0,-0.7961266098800885,0.0,1.0,0.0,0.0,0.0,1.0
1,0,0.13464516992942355,0.8102200324595066,0.0,2.0316232164746784,1.0,0.0,0.0,1.0,0.0,0.0
1,0,-0.19716007552822604,-0.6025119615158758,0.0,-0.7875775669667633,0.0,0.0,1.0,0.0,0.0,1.0
0,1,1.0471095949379599,0.8102200324595066,0.0,0.1442681105856891,0.0,0.0,1.0,0.0,1.0,0.0
1,0,0.21759648129383594,-0.6025119615158758,0.0,2.0316232164746784,1.0,0.0,0.0,1.0,0.0,0.0
0,1,0.051693858565011144,-0.6025119615158758,0.0,-0.661784506956406,0.0,0.0,1.0,0.0,1.0,0.0
1,1,-1.1096245005367624,-0.6025119615158758,0.0,-0.7814711077429595,0.0,0.0,1.0,0.0,0.0,1.0
0,1,-0.19716007552822604,-0.6025119615158758,0.0,-0.539655322480331,0.0,0.0,1.0,0.0,1.0,0.0
0,1,1.7936713972176714,-0.6025119615158758,0.0,-0.7814711077429595,0.0,0.0,1.0,0.0,0.0,1.0
0,1,0.02673527282213031,-0.6025119615158758,0.0,-0.7890040358414437,0.0,0.0,1.0,0.0,0.0,1.0
1,1,0.7153043494803103,0.8102200324595066,0.0,2.0316232164746784,0.0,0.0,1.0,1.0,0.0,0.0
0,1,-0.6119166323502879,-0.6025119615158758,0.0,-0.7179639318154005,0.0,0.0,1.0,0.0,0.0,1.0
1,1,-0.8607705664435251,-0.6025119615158758,0.0,-0.661784506956406,0.0,0.0,1.0,0.0,1.0,0.0
0,1,-0.7363435993969065,-0.6025119615158758,0.0,-0.8205524467753036,0.0,0.0,1.0,0.0,0.0,1.0
0,1,-0.9437218778079376,-0.6025119615158758,0.0,-0.539655322480331,0.0,0.0,1.0,0.0,1.0,0.0
0,0,0.02673527282213031,2.9293180234225806,0.0,0.06936383916282275,0.0,0.0,1.0,0.0,0.0,1.0
1,0,0.4664504153870731,0.8102200324595066,0.0,2.0316232164746784,0.0,0.0,1.0,1.0,0.0,0.0
0,1,-0.031257452799401245,-0.6025119615158758,0.0,-0.7949053180353277,0.0,0.0,1.0,0.0,0.0,1.0
0,1,2.084000986993115,-0.6025119615158758,0.0,-0.515229485585116,0.0,0.0,1.0,0.0,1.0,0.0
1,0,-2.0220889255452987,2.9293180234225806,0.0,0.35860482934120075,0.0,0.0,1.0,0.0,0.0,1.0
0,1,-0.4460140096214632,-0.6025119615158758,0.0,-0.661784506956406,0.0,0.0,1.0,0.0,1.0,0.0
0,0,0.02673527282213031,-0.6025119615158758,0.0,-0.8058969446381745,0.0,0.0,1.0,0.0,0.0,1.0
0,1,1.2130122176667846,0.8102200324595066,0.0,0.0954164367952591,0.0,0.0,1.0,0.0,1.0,0.0
1,0,-1.7732349914520615,-0.6025119615158758,0.0,0.1076293552428666,0.0,0.0,1.0,0.0,1.0,0.0
0,1,-0.8607705664435251,-0.6025119615158758,0.0,-0.661784506956406,0.0,0.0,1.0,0.0,1.0,0.0
0,1,0.3005477926582483,-0.6025119615158758,0.0,-0.5750727859783927,0.0,0.0,1.0,0.0,1.0,0.0
0,0,0.02673527282213031,0.8102200324595066,0.0,-0.46861521845428766,1.0,0.0,0.0,0.0,0.0,1.0
1,0,0.02673527282213031,0.8102200324595066,0.0,-0.417526138004256,0.0,1.0,0.0,0.0,0.0,1.0
0,1,-0.031257452799401245,-0.6025119615158758,0.0,-0.661784506956406,0.0,0.0,1.0,0.0,1.0,0.0
0,1,-0.6119166323502879,-0.6025119615158758,0.0,-0.8266589059991073,0.0,0.0,1.0,0.0,0.0,1.0
0,1,0.051693858565011144,-0.6025119615158758,0.0,-0.8217737386200644,1.0,0.0,0.0,0.0,0.0,1.0
0,1,1.2130122176667846,2.222952026434889,0.0,2.0316232164746784,0.0,1.0,0.0,1.0,0.0,0.0
0,0,-0.3630626982570508,-0.6025119615158758,0.0,-0.7949053180353277,0.0,0.0,1.0,0.0,0.0,1.0
1,0,-0.4460140096214632,-0.6025119615158758,0.0,-0.466377811794686,0.0,0.0,1.0,0.0,1.0,0.0
1,1,0.6323530381158979,0.8102200324595066,0.0,1.3926335529610958,0.0,0.0,1.0,1.0,0.0,0.0
0,1,2.0425253313109084,0.8102200324595066,0.0,0.0954164367952591,0.0,0.0,1.0,0.0,1.0,0.0
0,1,0.02673527282213031,-0.6025119615158758,0.0,-0.8205524467753036,0.0,0.0,1.0,0.0,0.0,1.0
0,0,-0.031257452799401245,0.8102200324595066,0.0,-0.6636164447235471,0.0,0.0,1.0,0.0,0.0,1.0
0,1,2.084000986993115,-0.6025119615158758,0.0,0.12228485737999564,0.0,0.0,1.0,1.0,0.0,0.0
0,1,0.051693858565011144,0.8102200324595066,0.0,-0.3882151337299979,0.0,0.0,1.0,0.0,0.0,1.0
0,0,0.9641582835735475,-0.6025119615158758,0.0,-0.18731262526685463,0.0,0.0,1.0,0.0,0.0,1.0
1,0,-0.031257452799401245,-0.6025119615158758,0.0,-0.42994423348178334,1.0,0.0,0.0,0.0,0.0,1.0
1,0,0.02673527282213031,-0.6025119615158758,0.0,2.0316232164746784,1.0,0.0,0.0,1.0,0.0,0.0
1,0,0.051693858565011144,-0.6025119615158758,0.0,2.0316232164746784,0.0,0.0,1.0,1.0,0.0,0.0
1,0,0.4664504153870731,-0.6025119615158758,0.0,2.0316232164746784,1.0,0.0,0.0,1.0,0.0,0.0
1,0,1.710720085853259,-0.6025119615158758,0.0,0.0954164367952591,0.0,0.0,1.0,0.0,1.0,0.0
0,1,0.02673527282213031,-0.6025119615158758,0.0,-0.7961266098800885,0.0,1.0,0.0,0.0,0.0,1.0
1,1,-2.1879915482741232,2.9293180234225806,0.0,0.35860482934120075,0.0,0.0,1.0,0.0,0.0,1.0
0,1,1.8766227085820837,0.8102200324595066,0.0,2.0316232164746784,0.0,0.0,1.0,1.0,0.0,0.0
0,1,0.881206972209135,-0.6025119615158758,0.0,-1.1747270817559212,0.0,0.0,1.0,1.0,0.0,0.0
0,0,0.02673527282213031,-0.6025119615158758,0.0,-0.7961266098800885,0.0,1.0,0.0,0.0,0.0,1.0
0,1,0.5494017267514855,-0.6025119615158758,0.0,-0.661784506956406,0.0,0.0,1.0,0.0,1.0,0.0
0,1,-1.1096245005367624,2.9293180234225806,0.0,0.7640737218017698,0.0,0.0,1.0,0.0,0.0,1.0
1,1,-0.3630626982570508,0.8102200324595066,0.0,-0.7949053180353277,0.0,0.0,1.0,0.0,0.0,1.0
1,0,2.084000986993115,-0.6025119615158758,0.0,2.0316232164746784,0.0,0.0,1.0,1.0,0.0,0.0
1,0,0.4664504153870731,-0.6025119615158758,0.0,2.0316232164746784,0.0,0.0,1.0,1.0,0.0,0.0
0,1,0.02673527282213031,-0.6025119615158758,0.0,0.33967480574740916,0.0,0.0,1.0,1.0,0.0,0.0
1,1,-0.3630626982570508,-0.6025119615158758,0.0,-1.1747270817559212,0.0,0.0,1.0,0.0,0.0,1.0
1,0,0.9641582835735475,-0.6025119615158758,0.0,-0.22211944284253596,0.0,0.0,1.0,0.0,1.0,0.0
0,1,0.6323530381158979,-0.6025119615158758,0.0,0.2761676298198501,1.0,0.0,0.0,1.0,0.0,0.0
1,0,0.02673527282213031,-0.6025119615158758,0.0,-0.7961266098800885,0.0,1.0,0.0,0.0,0.0,1.0
1,0,2.084000986993115,0.8102200324595066,0.0,2.0316232164746784,0.0,0.0,1.0,1.0,0.0,0.0
0,0,1.295963529031197,-0.6025119615158758,0.0,-0.7961266098800885,0.0,0.0,1.0,0.0,0.0,1.0
0,1,0.02673527282213031,-0.6025119615158758,0.0,-1.1747270817559212,0.0,0.0,1.0,0.0,1.0,0.0
0,1,-1.8561863028164738,2.9293180234225806,0.0,0.24807791739035287,0.0,1.0,0.0,0.0,0.0,1.0
1,0,0.4664504153870731,0.8102200324595066,0.0,-0.18548068749971344,0.0,0.0,1.0,0.0,0.0,1.0
0,1,2.084000986993115,-0.6025119615158758,0.0,-0.7961266098800885,0.0,1.0,0.0,0.0,0.0,1.0
0,1,-0.11420876416381363,-0.6025119615158758,0.0,-0.7910362654711258,0.0,0.0,1.0,0.0,0.0,1.0
0,1,-1.1096245005367624,-0.6025119615158758,0.0,-0.710636180746836,0.0,0.0,1.0,0.0,0.0,1.0
1,1,-0.8607705664435251,-0.6025119615158758,0.0,-0.7814711077429595,0.0,0.0,1.0,0.0,0.0,1.0
0,1,0.02673527282213031,-0.6025119615158758,0.0,0.0954164367952591,0.0,0.0,1.0,1.0,0.0,0.0
0,1,0.3005477926582483,-0.6025119615158758,0.0,-0.7515494575463212,1.0,0.0,0.0,0.0,0.0,1.0
1,1,0.051693858565011144,-0.6025119615158758,0.0,-0.710636180746836,0.0,0.0,1.0,0.0,0.0,1.0
0,1,-0.6119166323502879,-0.6025119615158758,0.0,-0.7890040358414437,0.0,0.0,1.0,0.0,0.0,1.0
1,1,1.0471095949379599,-0.6025119615158758,0.0,-0.539655322480331,0.0,0.0,1.0,0.0,1.0,0.0
1,0,-0.6119166323502879,-0.6025119615158758,0.0,-0.7961266098800885,0.0,1.0,0.0,0.0,0.0,1.0
1,0,-0.2801113868926384,-0.6025119615158758,0.0,2.0316232164746784,0.0,0.0,1.0,1.0,0.0,0.0
1,0,-0.8607705664435251,0.8102200324595066,0.0,2.0316232164746784,1.0,0.0,0.0,1.0,0.0,0.0
0,1,0.5494017267514855,-0.6025119615158758,0.0,-0.5457617817041348,1.0,0.0,0.0,0.0,1.0,0.0
0,0,-0.4460140096214632,-0.6025119615158758,0.0,-0.7423897687106156,0.0,0.0,1.0,0.0,0.0,1.0
0,1,-0.4460140096214632,-0.6025119615158758,0.0,-0.7890040358414437,0.0,0.0,1.0,0.0,0.0,1.0
0,1,0.02673527282213031,-0.6025119615158758,0.0,0.1794803970538311,1.0,0.0,0.0,1.0,0.0,0.0
0,1,-0.4874896653036694,-0.6025119615158758,0.0,-0.8215685615901446,1.0,0.0,0.0,0.0,0.0,1.0
0,0,-2.2294672039563297,0.8102200324595066,0.0,2.0316232164746784,0.0,0.0,1.0,1.0,0.0,0.0
1,1,0.02673527282213031,-0.6025119615158758,0.0,0.3152489688521941,0.0,0.0,1.0,1.0,0.0,0.0
1,0,1.710720085853259,-0.6025119615158758,0.0,2.0316232164746784,1.0,0.0,0.0,1.0,0.0,0.0
1,0,0.02673527282213031,-0.6025119615158758,0.0,-0.7961266098800885,0.0,1.0,0.0,0.0,0.0,1.0
1,1,0.02673527282213031,2.222952026434889,0.0,-0.03892566612842342,0.0,1.0,0.0,0.0,0.0,1.0
0,1,-0.8607705664435251,-0.6025119615158758,0.0,-1.1747270817559212,0.0,0.0,1.0,0.0,0.0,1.0
1,0,0.02673527282213031,-0.6025119615158758,0.0,-0.5714089104441106,0.0,1.0,0.0,0.0,1.0,0.0
0,1,0.02673527282213031,-0.6025119615158758,0.0,-0.7814711077429595,0.0,0.0,1.0,0.0,0.0,1.0
1,1,-2.2294672039563297,0.8102200324595066,0.0,2.0316232164746784,0.0,0.0,1.0,1.0,0.0,0.0
1,0,0.02673527282213031,-0.6025119615158758,0.0,2.0316232164746784,1.0,0.0,0.0,1.0,0.0,0.0
1,0,-1.02667318917235,0.8102200324595066,0.0,2.0316232164746784,1.0,0.0,0.0,1.0,0.0,0.0
0,1,0.051693858565011144,0.8102200324595066,0.0,-0.002286910785600916,1.0,0.0,0.0,0.0,1.0,0.0
1,0,0.051693858565011144,-0.6025119615158758,0.0,1.6063596257942268,1.0,0.0,0.0,1.0,0.0,0.0
1,0,-0.4460140096214632,-0.6025119615158758,0.0,2.0316232164746784,1.0,0.0,0.0,1.0,0.0,0.0
1,0,-0.9437218778079376,2.222952026434889,0.0,2.0316232164746784,1.0,0.0,0.0,1.0,0.0,0.0
0,0,-0.2801113868926384,0.8102200324595066,0.0,0.0954164367952591,0.0,0.0,1.0,0.0,1.0,0.0
0,1,-0.11420876416381363,-0.6025119615158758,0.0,-0.7890040358414437,0.0,0.0,1.0,0.0,0.0,1.0
0,1,1.1300609063023723,0.8102200324595066,0.0,0.1076293552428666,0.0,0.0,1.0,0.0,1.0,0.0
1,0,-0.2801113868926384,-0.6025119615158758,0.0,-0.7910362654711258,0.0,0.0,1.0,0.0,0.0,1.0
1,0,-0.4460140096214632,0.8102200324595066,0.0,0.0954164367952591,0.0,0.0,1.0,0.0,1.0,0.0
0,1,2.0425253313109084,-0.6025119615158758,0.0,-0.490803648689901,0.0,0.0,1.0,0.0,1.0,0.0
1,0,0.13464516992942355,-0.6025119615158758,0.0,2.0316232164746784,0.0,0.0,1.0,1.0,0.0,0.0
1,0,0.881206972209135,0.8102200324595066,0.0,2.0316232164746784,1.0,0.0,0.0,1.0,0.0,0.0
0,1,-0.6119166323502879,-0.6025119615158758,0.0,-0.8205524467753036,0.0,0.0,1.0,0.0,0.0,1.0
0,1,-0.19716007552822604,-0.6025119615158758,0.0,-0.7890040358414437,0.0,0.0,1.0,0.0,0.0,1.0
1,0,0.051693858565011144,-0.6025119615158758,0.0,-0.5714089104441106,0.0,1.0,0.0,0.0,1.0,0.0
1,0,-0.6119166323502879,0.8102200324595066,0.0,0.24197145816654914,0.0,0.0,1.0,0.0,1.0,0.0
0,1,0.02673527282213031,2.9293180234225806,0.0,2.0316232164746784,0.0,0.0,1.0,0.0,0.0,1.0
1,0,0.5494017267514855,-0.6025119615158758,0.0,2.0316232164746784,1.0,0.0,0.0,1.0,0.0,0.0
0,1,2.084000986993115,-0.6025119615158758,0.0,-0.8700147664881139,0.0,0.0,1.0,0.0,0.0,1.0
1,0,0.5494017267514855,-0.6025119615158758,0.0,-0.539655322480331,0.0,0.0,1.0,0.0,1.0,0.0
1,0,0.13464516992942355,0.8102200324595066,0.0,-0.17204647720734526,0.0,0.0,1.0,0.0,0.0,1.0
1,0,-1.1096245005367624,-0.6025119615158758,0.0,1.6576538832741783,1.0,0.0,0.0,1.0,0.0,0.0
1,0,0.02673527282213031,2.222952026434889,0.0,-0.03892566612842342,0.0,1.0,0.0,0.0,0.0,1.0
0,1,1.3374391847134033,-0.6025119615158758,0.0,0.21754562127133412,0.0,0.0,1.0,1.0,0.0,0.0
0,1,0.7153043494803103,-0.6025119615158758,0.0,2.0316232164746784,0.0,0.0,1.0,1.0,0.0,0.0
0,1,-1.1096245005367624,2.222952026434889,0.0,-0.29539695352818096,0.0,0.0,1.0,0.0,0.0,1.0
1,0,0.02673527282213031,0.8102200324595066,0.0,2.0316232164746784,0.0,0.0,1.0,1.0,0.0,0.0
0,1,0.02673527282213031,-0.6025119615158758,0.0,-0.7890040358414437,0.0,0.0,1.0,0.0,0.0,1.0
0,1,-0.031257452799401245,0.8102200324595066,0.0,2.0316232164746784,0.0,0.0,1.0,1.0,0.0,0.0
1,0,0.9641582835735475,-0.6025119615158758,0.0,2.0316232164746784,1.0,0.0,0.0,1.0,0.0,0.0
1,1,1.295963529031197,-0.6025119615158758,0.0,-0.7814711077429595,0.0,0.0,1.0,0.0,0.0,1.0
0,1,1.295963529031197,-0.6025119615158758,0.0,0.5595073378043441,0.0,0.0,1.0,1.0,0.0,0.0
1,1,-2.2294672039563297,0.8102200324595066,0.0,0.0954164367952591,0.0,0.0,1.0,0.0,1.0,0.0
1,0,-0.4460140096214632,2.9293180234225806,0.0,2.0316232164746784,0.0,0.0,1.0,1.0,0.0,0.0
0,1,-0.11420876416381363,-0.6025119615158758,0.0,-0.539655322480331,0.0,0.0,1.0,0.0,1.0,0.0
0,1,-0.3630626982570508,-0.6025119615158758,0.0,-0.539655322480331,0.0,0.0,1.0,0.0,1.0,0.0
0,1,0.5494017267514855,-0.6025119615158758,0.0,-0.539655322480331,0.0,0.0,1.0,0.0,1.0,0.0
1,0,-0.4460140096214632,-0.6025119615158758,0.0,-0.539655322480331,0.0,0.0,1.0,0.0,1.0,0.0
1,0,0.881206972209135,-0.6025119615158758,0.0,-0.539655322480331,0.0,0.0,1.0,0.0,1.0,0.0
1,0,0.02673527282213031,0.8102200324595066,0.0,-0.3882151337299979,0.0,0.0,1.0,0.0,0.0,1.0
1,1,-2.1879915482741232,0.8102200324595066,0.0,-0.39798546848808397,0.0,0.0,1.0,0.0,0.0,1.0
0,1,1.0471095949379599,-0.6025119615158758,0.0,-0.7515494575463212,0.0,0.0,1.0,0.0,0.0,1.0
0,1,-0.5289653209858756,-0.6025119615158758,0.0,-0.7240703910392043,0.0,0.0,1.0,0.0,0.0,1.0
0,1,0.02673527282213031,-0.6025119615158758,0.0,0.5350815009091292,0.0,0.0,1.0,1.0,0.0,0.0
0,1,-1.1925758119011747,0.8102200324595066,0.0,-0.8215685615901446,1.0,0.0,0.0,0.0,0.0,1.0
0,1,-0.3630626982570508,0.8102200324595066,0.0,-0.30516728828626694,0.0,0.0,1.0,0.0,0.0,1.0
0,1,0.02673527282213031,-0.6025119615158758,0.0,-0.8217737386200644,1.0,0.0,0.0,0.0,0.0,1.0
0,1,-0.11420876416381363,-0.6025119615158758,0.0,-0.710636180746836,0.0,0.0,1.0,0.0,0.0,1.0
1,0,-0.6119166323502879,-0.6025119615158758,0.0,1.5121149767177293,0.0,0.0,1.0,1.0,0.0,0.0
0,0,0.7153043494803103,-0.6025119615158758,0.0,-0.539655322480331,0.0,0.0,1.0,0.0,1.0,0.0
1,0,0.02673527282213031,-0.6025119615158758,0.0,-0.789814973626365,0.0,1.0,0.0,0.0,0.0,1.0
1,0,0.02673527282213031,-0.6025119615158758,0.0,-0.789814973626365,0.0,1.0,0.0,0.0,0.0,1.0
0,1,0.881206972209135,0.8102200324595066,0.0,0.18823461699707605,0.0,0.0,1.0,0.0,0.0,1.0
0,1,-0.031257452799401245,0.8102200324595066,0.0,0.1794803970538311,1.0,0.0,0.0,0.0,1.0,0.0
0,0,1.295963529031197,-0.6025119615158758,0.0,-0.46861521845428766,1.0,0.0,0.0,0.0,0.0,1.0
0,1,0.4664504153870731,-0.6025119615158758,0.0,-0.8303227815333896,0.0,0.0,1.0,0.0,0.0,1.0
0,1,0.02673527282213031,0.8102200324595066,0.0,-0.417526138004256,0.0,1.0,0.0,0.0,0.0,1.0
0,1,0.051693858565011144,-0.6025119615158758,0.0,-0.8205524467753036,0.0,0.0,1.0,0.0,0.0,1.0
1,0,2.084000986993115,0.8102200324595066,0.0,2.0316232164746784,1.0,0.0,0.0,1.0,0.0,0.0
1,0,0.02673527282213031,-0.6025119615158758,0.0,-0.8215685615901446,1.0,0.0,0.0,0.0,0.0,1.0
1,0,0.02673527282213031,-0.6025119615158758,0.0,-0.7961266098800885,0.0,1.0,0.0,0.0,0.0,1.0
1,0,-0.4460140096214632,-0.6025119615158758,0.0,2.0316232164746784,1.0,0.0,0.0,1.0,0.0,0.0
1,1,-0.3630626982570508,0.8102200324595066,0.0,1.533692761030962,1.0,0.0,0.0,1.0,0.0,0.0
0,1,-0.9437218778079376,0.8102200324595066,0.0,-0.8573963791480459,0.0,0.0,1.0,0.0,0.0,1.0
0,1,-0.8607705664435251,-0.6025119615158758,0.0,-0.7814711077429595,0.0,0.0,1.0,0.0,0.0,1.0
0,1,-0.6119166323502879,-0.6025119615158758,0.0,2.0316232164746784,1.0,0.0,0.0,1.0,0.0,0.0
0,0,-2.1879915482741232,2.9293180234225806,0.0,-0.14517805662260871,0.0,0.0,1.0,0.0,0.0,1.0
1,0,0.02673527282213031,0.8102200324595066,0.0,2.0316232164746784,1.0,0.0,0.0,1.0,0.0,0.0
1,0,-0.6119166323502879,-0.6025119615158758,0.0,-0.8205524467753036,0.0,0.0,1.0,0.0,0.0,1.0
0,1,-0.19716007552822604,-0.6025119615158758,0.0,2.0316232164746784,1.0,0.0,0.0,1.0,0.0,0.0
0,1,-0.7778192550791128,-0.6025119615158758,0.0,-0.9787097406718207,1.0,0.0,0.0,0.0,0.0,1.0
0,1,-0.8607705664435251,-0.6025119615158758,0.0,-0.7949053180353277,0.0,0.0,1.0,0.0,0.0,1.0
1,0,1.0471095949379599,-0.6025119615158758,0.0,2.0316232164746784,1.0,0.0,0.0,1.0,0.0,0.0
1,0,-2.2294672039563297,-0.6025119615158758,0.0,-0.4057186884491091,1.0,0.0,0.0,0.0,0.0,1.0
0,1,0.21759648129383594,-0.6025119615158758,0.0,-0.7875775669667633,0.0,0.0,1.0,0.0,0.0,1.0
1,0,0.4664504153870731,0.8102200324595066,0.0,1.3655599553464393,0.0,0.0,1.0,1.0,0.0,0.0
0,1,0.02673527282213031,-0.6025119615158758,0.0,-0.7890040358414437,0.0,0.0,1.0,0.0,0.0,1.0
0,1,-0.9437218778079376,-0.6025119615158758,0.0,2.0316232164746784,0.0,0.0,1.0,0.0,1.0,0.0
0,1,-2.2294672039563297,2.9293180234225806,0.0,1.1164164190152461,0.0,0.0,1.0,0.0,0.0,1.0
1,0,0.5494017267514855,-0.6025119615158758,0.0,-0.539655322480331,0.0,0.0,1.0,0.0,1.0,0.0
0,1,0.02673527282213031,-0.6025119615158758,0.0,-0.7971427246949295,0.0,1.0,0.0,0.0,0.0,1.0
1,0,-1.02667318917235,-0.6025119615158758,0.0,-0.588506996270761,1.0,0.0,0.0,0.0,1.0,0.0
1,1,0.5494017267514855,0.8102200324595066,0.0,2.0316232164746784,0.0,0.0,1.0,1.0,0.0,0.0
1,1,-0.6948679437147004,-0.6025119615158758,0.0,-0.7938892032204868,0.0,0.0,1.0,0.0,0.0,1.0
0,1,-0.11420876416381363,2.222952026434889,0.0,-0.7875775669667633,0.0,0.0,1.0,0.0,0.0,1.0
1,0,-0.5289653209858756,0.8102200324595066,0.0,2.0316232164746784,1.0,0.0,0.0,1.0,0.0,0.0
1,0,-0.4460140096214632,-0.6025119615158758,0.0,-0.35890412945574,0.0,0.0,1.0,0.0,0.0,1.0
0,1,-0.6119166323502879,-0.6025119615158758,0.0,-0.7938892032204868,0.0,0.0,1.0,0.0,0.0,1.0
0,0,0.13464516992942355,-0.6025119615158758,0.0,-0.7910362654711258,0.0,0.0,1.0,0.0,0.0,1.0
0,1,1.3789148403956093,-0.6025119615158758,0.0,0.0954164367952591,0.0,0.0,1.0,0.0,1.0,0.0
0,1,-0.5289653209858756,-0.6025119615158758,0.0,-0.661784506956406,0.0,0.0,1.0,0.0,1.0,0.0
1,0,-0.11420876416381363,-0.6025119615158758,0.0,-0.5567534083069815,0.0,0.0,1.0,0.0,1.0,0.0
1,1,0.7982556608447227,-0.6025119615158758,0.0,-0.7875775669667633,0.0,0.0,1.0,0.0,0.0,1.0
0,1,-0.2801113868926384,-0.6025119615158758,0.0,-0.7814711077429595,0.0,0.0,1.0,0.0,0.0,1.0
0,0,-0.6948679437147004,0.8102200324595066,0.0,-0.6947593867649463,0.0,0.0,1.0,0.0,0.0,1.0
0,1,-0.11420876416381363,0.8102200324595066,0.0,-0.4004280521776055,0.0,0.0,1.0,0.0,0.0,1.0
0,0,-0.7778192550791128,-0.6025119615158758,0.0,-0.7515494575463212,0.0,0.0,1.0,0.0,0.0,1.0
0,1,0.3834991040226607,0.8102200324595066,0.0,-0.14884193215689093,0.0,0.0,1.0,0.0,1.0,0.0
0,1,1.7936713972176714,-0.6025119615158758,0.0,-0.7961266098800885,0.0,0.0,1.0,0.0,0.0,1.0
1,1,-2.1879915482741232,0.8102200324595066,0.0,-0.25875819818535845,0.0,0.0,1.0,0.0,1.0,0.0
0,1,-0.6948679437147004,-0.6025119615158758,0.0,-0.7949053180353277,0.0,0.0,1.0,0.0,0.0,1.0
0,0,0.02673527282213031,2.9293180234225806,0.0,0.06936383916282275,0.0,0.0,1.0,0.0,0.0,1.0
0,1,0.02673527282213031,-0.6025119615158758,0.0,-0.7890040358414437,0.0,0.0,1.0,0.0,0.0,1.0
0,1,0.02673527282213031,-0.6025119615158758,0.0,-0.839687647399015,0.0,1.0,0.0,0.0,0.0,1.0
1,0,0.3005477926582483,0.8102200324595066,0.0,2.0316232164746784,0.0,1.0,0.0,1.0,0.0,0.0
0,1,0.02673527282213031,-0.6025119615158758,0.0,-1.1747270817559212,0.0,0.0,1.0,0.0,1.0,0.0
1,1,1.2130122176667846,-0.6025119615158758,0.0,-0.7875775669667633,0.0,0.0,1.0,0.0,0.0,1.0
0,0,0.02673527282213031,-0.6025119615158758,0.0,-0.7814711077429595,0.0,0.0,1.0,0.0,0.0,1.0
1,0,0.3834991040226607,0.8102200324595066,0.0,0.41295231643305413,0.0,0.0,1.0,0.0,1.0,0.0
1,0,-0.9437218778079376,-0.6025119615158758,0.0,-0.539655322480331,0.0,0.0,1.0,0.0,1.0,0.0
0,1,0.051693858565011144,-0.6025119615158758,0.0,-0.539655322480331,0.0,0.0,1.0,0.0,1.0,0.0
0,0,-1.6073323687232366,-0.6025119615158758,0.0,0.005040840282963516,0.0,0.0,1.0,0.0,0.0,1.0
0,1,0.02673527282213031,-0.6025119615158758,0.0,-0.7890040358414437,1.0,0.0,0.0,0.0,0.0,1.0
0,1,-0.6948679437147004,-0.6025119615158758,0.0,-0.7969424328323887,0.0,1.0,0.0,0.0,0.0,1.0
0,1,-0.031257452799401245,-0.6025119615158758,0.0,-0.7900201506562848,0.0,0.0,1.0,0.0,0.0,1.0
0,0,-0.11420876416381363,0.8102200324595066,0.0,-0.471262979173729,0.0,0.0,1.0,0.0,0.0,1.0
0,1,-0.9437218778079376,0.8102200324595066,0.0,-0.18731262526685463,0.0,0.0,1.0,0.0,0.0,1.0
0,1,0.02673527282213031,-0.6025119615158758,0.0,-0.8205524467753036,0.0,0.0,1.0,0.0,0.0,1.0
1,0,-0.11420876416381363,0.8102200324595066,0.0,0.0954164367952591,0.0,0.0,1.0,0.0,1.0,0.0
1,0,-0.8607705664435251,-0.6025119615158758,0.0,0.0954164367952591,0.0,0.0,1.0,0.0,1.0,0.0
0,1,0.02673527282213031,-0.6025119615158758,0.0,-0.7961266098800885,0.0,1.0,0.0,0.0,0.0,1.0
1,1,0.21759648129383594,-0.6025119615158758,0.0,-0.7814711077429595,0.0,0.0,1.0,0.0,0.0,1.0
1,1,-0.11420876416381363,-0.6025119615158758,0.0,0.12228485737999564,0.0,0.0,1.0,1.0,0.0,0.0
1,0,0.02673527282213031,0.8102200324595066,0.0,-0.3882151337299979,0.0,0.0,1.0,0.0,0.0,1.0
1,0,1.0471095949379599,0.8102200324595066,0.0,0.0954164367952591,0.0,0.0,1.0,0.0,1.0,0.0
0,1,-1.02667318917235,-0.6025119615158758,0.0,-0.8266589059991073,0.0,0.0,1.0,0.0,0.0,1.0
0,1,1.710720085853259,0.8102200324595066,0.0,1.5560814831291163,0.0,0.0,1.0,1.0,0.0,0.0
1,0,-1.2755271232655871,0.8102200324595066,0.0,2.0316232164746784,0.0,0.0,1.0,1.0,0.0,0.0
0,0,-0.6948679437147004,2.222952026434889,0.0,0.5045492047901105,0.0,0.0,1.0,0.0,0.0,1.0
1,0,-0.4460140096214632,2.222952026434889,0.0,-0.25875819818535845,0.0,0.0,1.0,0.0,1.0,0.0
0,1,2.084000986993115,0.8102200324595066,0.0,2.0316232164746784,0.0,0.0,1.0,1.0,0.0,0.0
0,1,0.13464516992942355,-0.6025119615158758,0.0,-0.661784506956406,0.0,0.0,1.0,0.0,1.0,0.0
1,0,1.295963529031197,0.8102200324595066,0.0,0.1076293552428666,0.0,0.0,1.0,0.0,1.0,0.0
0,1,-0.7778192550791128,-0.6025119615158758,0.0,-0.710636180746836,0.0,0.0,1.0,0.0,0.0,1.0
0,1,-0.3630626982570508,0.8102200324595066,0.0,-0.7949053180353277,0.0,0.0,1.0,0.0,0.0,1.0
1,0,-0.11420876416381363,-0.6025119615158758,0.0,-0.539655322480331,0.0,0.0,1.0,0.0,1.0,0.0
1,1,0.02673527282213031,-0.6025119615158758,0.0,-0.7784178781310577,0.0,0.0,1.0,0.0,0.0,1.0
1,1,-2.105040236909711,-0.6025119615158758,0.0,2.0316232164746784,0.0,0.0,1.0,1.0,0.0,0.0
1,0,-1.3584784346299994,-0.6025119615158758,0.0,-0.22211944284253596,0.0,0.0,1.0,0.0,1.0,0.0
1,1,0.3834991040226607,-0.6025119615158758,0.0,0.12228485737999564,0.0,0.0,1.0,1.0,0.0,0.0
1,0,-2.0220889255452987,2.222952026434889,0.0,-0.23392689239768297,1.0,0.0,0.0,0.0,0.0,1.0
1,1,1.8766227085820837,-0.6025119615158758,0.0,0.3152489688521941,0.0,0.0,1.0,1.0,0.0,0.0
0,1,0.5494017267514855,0.8102200324595066,0.0,0.18090686592851163,0.0,0.0,1.0,0.0,1.0,0.0
0,1,0.02673527282213031,0.8102200324595066,0.0,-0.19932036668454228,0.0,0.0,1.0,0.0,0.0,1.0
0,1,0.051693858565011144,-0.6025119615158758,0.0,0.18090686592851163,1.0,0.0,0.0,1.0,0.0,0.0
1,1,1.6277687744888465,0.8102200324595066,0.0,2.0316232164746784,1.0,0.0,0.0,1.0,0.0,0.0
0,1,0.02673527282213031,-0.6025119615158758,0.0,-0.7814711077429595,0.0,0.0,1.0,0.0,0.0,1.0
1,1,-0.031257452799401245,-0.6025119615158758,0.0,-0.7890040358414437,1.0,0.0,0.0,0.0,0.0,1.0
0,1,2.084000986993115,-0.6025119615158758,0.0,0.12228485737999564,0.0,0.0,1.0,1.0,0.0,0.0
1,0,0.02673527282213031,0.8102200324595066,0.0,1.358842850200255,0.0,0.0,1.0,1.0,0.0,0.0
1,0,1.710720085853259,-0.6025119615158758,0.0,-0.661784506956406,0.0,0.0,1.0,0.0,1.0,0.0
0,1,0.02673527282213031,-0.6025119615158758,0.0,-0.7961266098800885,0.0,1.0,0.0,0.0,0.0,1.0
1,1,1.5448174631244342,-0.6025119615158758,0.0,0.12228485737999564,0.0,0.0,1.0,1.0,0.0,0.0
0,1,0.3834991040226607,-0.6025119615158758,0.0,-0.7814711077429595,0.0,0.0,1.0,0.0,0.0,1.0
0,1,1.4618661517600218,-0.6025119615158758,0.0,0.7060623591756342,0.0,0.0,1.0,1.0,0.0,0.0
0,1,1.5448174631244342,-0.6025119615158758,0.0,-0.539655322480331,0.0,0.0,1.0,0.0,1.0,0.0
0,1,0.02673527282213031,-0.6025119615158758,0.0,-0.7814711077429595,0.0,0.0,1.0,0.0,0.0,1.0
0,1,0.7153043494803103,-0.6025119615158758,0.0,-0.8303227815333896,0.0,0.0,1.0,0.0,0.0,1.0
0,1,0.02673527282213031,-0.6025119615158758,0.0,-1.1747270817559212,0.0,0.0,1.0,0.0,1.0,0.0
0,1,2.084000986993115,-0.6025119615158758,0.0,0.12228485737999564,0.0,0.0,1.0,1.0,0.0,0.0
0,1,0.02673527282213031,-0.6025119615158758,0.0,-0.7973479017248494,0.0,1.0,0.0,0.0,0.0,1.0
1,0,-2.2294672039563297,2.222952026434889,0.0,-0.23392689239768297,1.0,0.0,0.0,0.0,0.0,1.0
0,1,0.02673527282213031,-0.6025119615158758,0.0,-0.8205524467753036,0.0,0.0,1.0,0.0,0.0,1.0
0,1,0.7153043494803103,-0.6025119615158758,0.0,-0.7515494575463212,0.0,0.0,1.0,0.0,0.0,1.0
1,0,0.3005477926582483,0.8102200324595066,0.0,0.18090686592851163,0.0,0.0,1.0,0.0,1.0,0.0
1,0,-0.5289653209858756,-0.6025119615158758,0.0,-0.5009794523404475,1.0,0.0,0.0,0.0,1.0,0.0
0,0,-0.6119166323502879,-0.6025119615158758,0.0,-0.6941487408425658,0.0,0.0,1.0,0.0,0.0,1.0
0,1,0.02673527282213031,-0.6025119615158758,0.0,1.3655599553464393,0.0,0.0,1.0,1.0,0.0,0.0
0,1,0.3834991040226607,0.8102200324595066,0.0,-0.14884193215689093,0.0,0.0,1.0,0.0,1.0,0.0
0,1,-0.031257452799401245,0.8102200324595066,0.0,-0.8305279585633094,0.0,0.0,1.0,0.0,0.0,1.0
0,1,-0.6119166323502879,-0.6025119615158758,0.0,-0.8073234135128551,0.0,0.0,1.0,0.0,0.0,1.0
1,0,-2.2294672039563297,-0.6025119615158758,0.0,-0.5744621400560124,0.0,0.0,1.0,0.0,0.0,1.0
0,1,-1.690283680087649,2.9293180234225806,0.0,1.1164164190152461,0.0,0.0,1.0,0.0,0.0,1.0
0,1,0.02673527282213031,-0.6025119615158758,0.0,-1.1747270817559212,0.0,0.0,1.0,0.0,1.0,0.0
0,1,1.710720085853259,-0.6025119615158758,0.0,-0.7814711077429595,0.0,0.0,1.0,0.0,0.0,1.0
1,0,2.084000986993115,-0.6025119615158758,0.0,-0.7063616592901734,0.0,0.0,1.0,0.0,0.0,1.0
1,1,-0.3630626982570508,0.8102200324595066,0.0,2.0316232164746784,1.0,0.0,0.0,1.0,0.0,0.0
0,0,0.02673527282213031,2.9293180234225806,0.0,0.06936383916282275,0.0,0.0,1.0,0.0,0.0,1.0
1,0,0.4664504153870731,0.8102200324595066,0.0,2.0316232164746784,0.0,0.0,1.0,1.0,0.0,0.0
0,1,2.084000986993115,-0.6025119615158758,0.0,0.2761676298198501,1.0,0.0,0.0,1.0,0.0,0.0
0,1,0.051693858565011144,-0.6025119615158758,0.0,-0.7814711077429595,0.0,0.0,1.0,0.0,0.0,1.0
1,1,-1.690283680087649,0.8102200324595066,0.0,-0.39798546848808397,0.0,0.0,1.0,0.0,0.0,1.0
0,1,0.02673527282213031,0.8102200324595066,0.0,-0.19932036668454228,0.0,0.0,1.0,0.0,0.0,1.0
0,1,-0.6948679437147004,-0.6025119615158758,0.0,-0.8205524467753036,0.0,0.0,1.0,0.0,0.0,1.0
0,1,2.084000986993115,-0.6025119615158758,0.0,0.3152489688521941,0.0,0.0,1.0,1.0,0.0,0.0
0,1,2.084000986993115,-0.6025119615158758,0.0,1.2436359479002839,1.0,0.0,0.0,1.0,0.0,0.0
0,1,-0.6948679437147004,-0.6025119615158758,0.0,-0.7814711077429595,0.0,0.0,1.0,0.0,0.0,1.0
0,1,0.02673527282213031,-0.6025119615158758,0.0,-0.46841492659174694,1.0,0.0,0.0,0.0,0.0,1.0
1,0,2.0425253313109084,0.8102200324595066,0.0,2.0316232164746784,1.0,0.0,0.0,1.0,0.0,0.0
0,1,0.02673527282213031,-0.6025119615158758,0.0,-0.437066807520428,0.0,0.0,1.0,0.0,0.0,1.0
0,0,-0.3630626982570508,0.8102200324595066,0.0,2.0316232164746784,0.0,0.0,1.0,1.0,0.0,0.0
0,1,-0.4460140096214632,-0.6025119615158758,0.0,-0.7938892032204868,0.0,0.0,1.0,0.0,0.0,1.0
0,1,-1.02667318917235,-0.6025119615158758,0.0,-0.7515494575463212,0.0,0.0,1.0,0.0,0.0,1.0
0,0,-0.6948679437147004,-0.6025119615158758,0.0,-0.7961266098800885,0.0,1.0,0.0,0.0,0.0,1.0
0,0,0.02673527282213031,-0.6025119615158758,0.0,-0.8020278920739724,0.0,1.0,0.0,0.0,0.0,1.0
0,0,0.6323530381158979,-0.6025119615158758,0.0,-0.7063616592901734,0.0,0.0,1.0,0.0,0.0,1.0
1,0,-1.1096245005367624,-0.6025119615158758,0.0,2.0316232164746784,0.0,0.0,1.0,1.0,0.0,0.0
0,1,-0.9437218778079376,0.8102200324595066,0.0,2.0316232164746784,1.0,0.0,0.0,1.0,0.0,0.0
1,0,0.3005477926582483,-0.6025119615158758,0.0,0.0954164367952591,0.0,0.0,1.0,0.0,1.0,0.0
1,1,0.02673527282213031,-0.6025119615158758,0.0,0.12228485737999564,0.0,0.0,1.0,1.0,0.0,0.0
0,1,-0.11420876416381363,-0.6025119615158758,0.0,-0.07434312962648525,0.0,0.0,1.0,0.0,0.0,1.0
1,1,-0.2801113868926384,-0.6025119615158758,0.0,1.5851873103734548,0.0,0.0,1.0,0.0,0.0,1.0
1,1,-0.031257452799401245,-0.6025119615158758,0.0,-0.7961266098800885,0.0,1.0,0.0,0.0,0.0,1.0
0,1,0.02673527282213031,-0.6025119615158758,0.0,-0.7814711077429595,0.0,0.0,1.0,0.0,0.0,1.0
1,1,0.5494017267514855,-0.6025119615158758,0.0,0.1094612930100078,0.0,0.0,1.0,1.0,0.0,0.0
1,0,2.0425253313109084,0.8102200324595066,0.0,1.7270623413956212,1.0,0.0,0.0,1.0,0.0,0.0
0,1,-0.4460140096214632,-0.6025119615158758,0.0,-0.8085447053576159,0.0,0.0,1.0,0.0,0.0,1.0
0,1,1.4618661517600218,-0.6025119615158758,0.0,0.48724594193354015,0.0,0.0,1.0,1.0,0.0,0.0
1,0,0.3834991040226607,-0.6025119615158758,0.0,-0.661784506956406,0.0,0.0,1.0,0.0,1.0,0.0
0,1,0.02673527282213031,-0.6025119615158758,0.0,0.005040840282963516,0.0,1.0,0.0,0.0,0.0,1.0
1,0,0.5494017267514855,0.8102200324595066,0.0,0.0954164367952591,0.0,0.0,1.0,0.0,1.0,0.0
0,1,0.21759648129383594,-0.6025119615158758,0.0,-0.7890040358414437,0.0,0.0,1.0,0.0,0.0,1.0
1,0,0.051693858565011144,-0.6025119615158758,0.0,2.0316232164746784,0.0,0.0,1.0,1.0,0.0,0.0
0,1,-0.6119166323502879,-0.6025119615158758,0.0,-0.7890040358414437,0.0,0.0,1.0,0.0,0.0,1.0
0,1,0.02673527282213031,-0.6025119615158758,0.0,-0.8217737386200644,1.0,0.0,0.0,0.0,0.0,1.0
1,0,1.2130122176667846,-0.6025119615158758,0.0,1.6576538832741783,1.0,0.0,0.0,1.0,0.0,0.0
0,1,0.02673527282213031,-0.6025119615158758,0.0,-0.8215685615901446,1.0,0.0,0.0,0.0,0.0,1.0
0,1,0.9226826278913413,-0.6025119615158758,0.0,-0.7961266098800885,0.0,1.0,0.0,0.0,0.0,1.0
1,0,1.710720085853259,-0.6025119615158758,0.0,-0.661784506956406,0.0,0.0,1.0,0.0,1.0,0.0
0,1,0.02673527282213031,-0.6025119615158758,0.0,2.0316232164746784,0.0,0.0,1.0,1.0,0.0,0.0
0,1,0.7982556608447227,-0.6025119615158758,0.0,-0.7875775669667633,0.0,0.0,1.0,0.0,0.0,1.0
0,1,-0.5289653209858756,2.222952026434889,0.0,-0.612932833165976,0.0,0.0,1.0,0.0,1.0,0.0
1,0,-2.2294672039563297,0.8102200324595066,0.0,0.0954164367952591,0.0,0.0,1.0,0.0,1.0,0.0
0,1,0.02673527282213031,-0.6025119615158758,0.0,-0.8215685615901446,1.0,0.0,0.0,0.0,0.0,1.0
0,1,-1.02667318917235,0.8102200324595066,0.0,-0.8215685615901446,1.0,0.0,0.0,0.0,0.0,1.0
1,0,0.02673527282213031,-0.6025119615158758,0.0,-0.08248670364734986,1.0,0.0,0.0,0.0,0.0,1.0
0,0,0.051693858565011144,-0.6025119615158758,0.0,-0.7515494575463212,0.0,0.0,1.0,0.0,0.0,1.0
1,0,-1.8561863028164738,-0.6025119615158758,0.0,0.1076293552428666,0.0,0.0,1.0,0.0,1.0,0.0
0,1,1.295963529031197,-0.6025119615158758,0.0,0.12228485737999564,0.0,0.0,1.0,1.0,0.0,0.0
1,0,0.051693858565011144,-0.6025119615158758,0.0,2.0316232164746784,1.0,0.0,0.0,1.0,0.0,0.0
0,1,0.02673527282213031,-0.6025119615158758,0.0,-0.466377811794686,0.0,0.0,1.0,0.0,0.0,1.0
1,0,-0.6119166323502879,-0.6025119615158758,0.0,1.2434307708703642,1.0,0.0,0.0,1.0,0.0,0.0
1,0,0.5494017267514855,-0.6025119615158758,0.0,2.0316232164746784,0.0,0.0,1.0,1.0,0.0,0.0
0,0,-1.690283680087649,2.9293180234225806,0.0,0.35310901603977735,0.0,0.0,1.0,0.0,0.0,1.0
0,0,-1.5243810573588243,2.9293180234225806,0.0,0.35310901603977735,0.0,0.0,1.0,0.0,0.0,1.0
1,1,0.21759648129383594,0.8102200324595066,0.0,0.0954164367952591,0.0,0.0,1.0,0.0,1.0,0.0
0,1,1.710720085853259,0.8102200324595066,0.0,2.0316232164746784,1.0,0.0,0.0,1.0,0.0,0.0
0,1,2.084000986993115,-0.6025119615158758,0.0,0.0954164367952591,0.0,0.0,1.0,1.0,0.0,0.0
1,0,-0.8607705664435251,0.8102200324595066,0.0,0.0954164367952591,0.0,0.0,1.0,0.0,1.0,0.0
1,1,0.02673527282213031,-0.6025119615158758,0.0,-0.4975207538360851,1.0,0.0,0.0,0.0,1.0,0.0
0,1,0.3005477926582483,0.8102200324595066,0.0,-0.17204647720734526,0.0,0.0,1.0,0.0,0.0,1.0
1,1,-1.7732349914520615,0.8102200324595066,0.0,0.6205719300423816,0.0,0.0,1.0,0.0,1.0,0.0
1,1,-1.02667318917235,-0.6025119615158758,0.0,2.0316232164746784,1.0,0.0,0.0,1.0,0.0,0.0
0,1,-0.19716007552822604,-0.6025119615158758,0.0,0.0954164367952591,0.0,0.0,1.0,0.0,1.0,0.0
0,1,0.02673527282213031,-0.6025119615158758,0.0,-0.7922575573158865,0.0,1.0,0.0,0.0,0.0,1.0
1,1,-0.6119166323502879,-0.6025119615158758,0.0,-0.8217737386200644,1.0,0.0,0.0,0.0,0.0,1.0
1,0,-0.6119166323502879,-0.6025119615158758,0.0,-0.7949053180353277,0.0,0.0,1.0,0.0,0.0,1.0
0,1,2.084000986993115,-0.6025119615158758,0.0,0.12228485737999564,0.0,0.0,1.0,1.0,0.0,0.0
1,0,1.5448174631244342,0.8102200324595066,0.0,0.7597992003451073,1.0,0.0,0.0,1.0,0.0,0.0
0,1,0.02673527282213031,-0.6025119615158758,0.0,2.0316232164746784,1.0,0.0,0.0,1.0,0.0,0.0
1,0,0.7982556608447227,0.8102200324595066,0.0,2.0316232164746784,0.0,0.0,1.0,1.0,0.0,0.0
1,0,0.5494017267514855,0.8102200324595066,0.0,-0.32470795780243905,0.0,0.0,1.0,0.0,0.0,1.0
0,1,0.02673527282213031,-0.6025119615158758,0.0,-0.7961266098800885,0.0,1.0,0.0,0.0,0.0,1.0
0,1,0.881206972209135,-0.6025119615158758,0.0,-0.7890040358414437,0.0,0.0,1.0,0.0,0.0,1.0
0,1,-0.11420876416381363,-0.6025119615158758,0.0,-0.515229485585116,0.0,0.0,1.0,0.0,1.0,0.0
0,1,0.02673527282213031,-0.6025119615158758,0.0,-0.7814711077429595,0.0,0.0,1.0,0.0,0.0,1.0
0,0,0.02673527282213031,-0.6025119615158758,0.0,-0.7814711077429595,0.0,0.0,1.0,0.0,0.0,1.0
0,1,-0.4460140096214632,2.222952026434889,0.0,0.005040840282963516,0.0,0.0,1.0,0.0,0.0,1.0
0,1,-0.8607705664435251,-0.6025119615158758,0.0,-0.7890040358414437,0.0,0.0,1.0,0.0,0.0,1.0
0,0,-0.031257452799401245,-0.6025119615158758,0.0,-0.14517805662260871,0.0,0.0,1.0,0.0,0.0,1.0
0,1,0.02673527282213031,-0.6025119615158758,0.0,-0.8215685615901446,1.0,0.0,0.0,0.0,0.0,1.0
1,1,0.21759648129383594,-0.6025119615158758,0.0,-0.7910362654711258,0.0,0.0,1.0,0.0,0.0,1.0
1,1,2.084000986993115,-0.6025119615158758,0.0,-0.661784506956406,0.0,0.0,1.0,0.0,1.0,0.0
1,0,1.9595740199464962,2.222952026434889,0.0,1.3401180036363833,0.0,0.0,1.0,1.0,0.0,0.0
1,1,0.5494017267514855,-0.6025119615158758,0.0,0.11434646038905069,0.0,0.0,1.0,1.0,0.0,0.0
1,0,0.02673527282213031,-0.6025119615158758,0.0,-0.7961266098800885,0.0,1.0,0.0,0.0,0.0,1.0
0,1,-1.1096245005367624,-0.6025119615158758,0.0,-0.7814711077429595,0.0,0.0,1.0,0.0,0.0,1.0
0,1,-0.8607705664435251,-0.6025119615158758,0.0,-0.466377811794686,0.0,0.0,1.0,0.0,0.0,1.0
1,0,0.3834991040226607,-0.6025119615158758,0.0,-0.539655322480331,0.0,0.0,1.0,0.0,1.0,0.0
1,0,0.7982556608447227,0.8102200324595066,0.0,1.5560814831291163,0.0,0.0,1.0,1.0,0.0,0.0
0,0,0.02673527282213031,0.8102200324595066,0.0,-0.46841492659174694,1.0,0.0,0.0,0.0,0.0,1.0
1,1,0.21759648129383594,-0.6025119615158758,0.0,-0.7875775669667633,0.0,0.0,1.0,0.0,0.0,1.0
1,0,-0.3630626982570508,0.8102200324595066,0.0,0.2908231319569791,0.0,0.0,1.0,0.0,1.0,0.0
1,0,0.7982556608447227,0.8102200324595066,0.0,2.0316232164746784,1.0,0.0,0.0,1.0,0.0,0.0
0,1,2.0425253313109084,-0.6025119615158758,0.0,0.0954164367952591,0.0,0.0,1.0,0.0,1.0,0.0
0,1,0.5494017267514855,-0.6025119615158758,0.0,0.7854463290850829,1.0,0.0,0.0,1.0,0.0,0.0
0,1,0.02673527282213031,-0.6025119615158758,0.0,-0.7491068738567996,1.0,0.0,0.0,0.0,0.0,1.0
1,0,-0.9437218778079376,-0.6025119615158758,0.0,2.0316232164746784,0.0,0.0,1.0,1.0,0.0,0.0
0,1,1.4618661517600218,-0.6025119615158758,0.0,-0.44195197489947097,0.0,0.0,1.0,0.0,1.0,0.0
1,1,2.084000986993115,0.8102200324595066,0.0,2.0316232164746784,1.0,0.0,0.0,1.0,0.0,0.0
0,1,-0.6119166323502879,-0.6025119615158758,0.0,-0.7814711077429595,0.0,0.0,1.0,0.0,0.0,1.0
0,1,0.02673527282213031,-0.6025119615158758,0.0,-0.7814711077429595,0.0,0.0,1.0,0.0,0.0,1.0
0,1,0.4664504153870731,-0.6025119615158758,0.0,-0.8266589059991073,0.0,0.0,1.0,0.0,0.0,1.0
1,0,1.8766227085820837,0.8102200324595066,0.0,2.0316232164746784,1.0,0.0,0.0,1.0,0.0,0.0
0,1,1.4618661517600218,-0.6025119615158758,0.0,-0.8205524467753036,0.0,0.0,1.0,0.0,0.0,1.0
0,0,0.02673527282213031,-0.6025119615158758,0.0,-0.7961266098800885,0.0,1.0,0.0,0.0,0.0,1.0
0,1,0.6323530381158979,0.8102200324595066,0.0,0.0954164367952591,0.0,0.0,1.0,0.0,1.0,0.0
0,1,0.5494017267514855,0.8102200324595066,0.0,0.005040840282963516,0.0,0.0,1.0,0.0,0.0,1.0
1,0,0.02673527282213031,-0.6025119615158758,0.0,0.4373781533282692,0.0,0.0,1.0,0.0,1.0,0.0
0,1,1.6277687744888465,-0.6025119615158758,0.0,-1.1747270817559212,0.0,0.0,1.0,0.0,0.0,1.0
0,1,0.02673527282213031,-0.6025119615158758,0.0,-0.8217737386200644,1.0,0.0,0.0,0.0,0.0,1.0
1,1,1.6277687744888465,0.8102200324595066,0.0,1.6063596257942268,1.0,0.0,0.0,1.0,0.0,0.0
1,0,-0.4460140096214632,2.222952026434889,0.0,0.1442681105856891,0.0,0.0,1.0,0.0,1.0,0.0
0,1,0.02673527282213031,-0.6025119615158758,0.0,-0.7890040358414437,0.0,0.0,1.0,0.0,0.0,1.0
0,1,0.02673527282213031,-0.6025119615158758,0.0,0.8965838869583111,0.0,0.0,1.0,1.0,0.0,0.0
0,1,1.2130122176667846,-0.6025119615158758,0.0,-0.7814711077429595,0.0,0.0,1.0,0.0,0.0,1.0
1,1,0.4664504153870731,-0.6025119615158758,0.0,0.12228485737999564,1.0,0.0,0.0,1.0,0.0,0.0
0,1,0.5494017267514855,0.8102200324595066,0.0,-0.4150835543147344,0.0,0.0,1.0,0.0,0.0,1.0
0,1,0.051693858565011144,-0.6025119615158758,0.0,-0.7890040358414437,0.0,0.0,1.0,0.0,0.0,1.0
1,1,-0.19716007552822604,-0.6025119615158758,0.0,0.3152489688521941,0.0,0.0,1.0,1.0,0.0,0.0
1,0,-0.6119166323502879,0.8102200324595066,0.0,0.8564864331111263,1.0,0.0,0.0,0.0,1.0,0.0
1,0,0.881206972209135,-0.6025119615158758,0.0,2.0316232164746784,0.0,0.0,1.0,1.0,0.0,0.0
0,0,0.7982556608447227,0.8102200324595066,0.0,0.35310901603977735,0.0,0.0,1.0,0.0,0.0,1.0
0,1,0.02673527282213031,-0.6025119615158758,0.0,-0.8303227815333896,0.0,0.0,1.0,0.0,0.0,1.0
1,0,0.02673527282213031,0.8102200324595066,0.0,-0.417526138004256,0.0,1.0,0.0,0.0,0.0,1.0
0,1,0.02673527282213031,-0.6025119615158758,0.0,-0.7961266098800885,0.0,1.0,0.0,0.0,0.0,1.0
0,1,0.4664504153870731,-0.6025119615158758,0.0,-0.7814711077429595,0.0,0.0,1.0,0.0,0.0,1.0
1,0,-0.4460140096214632,0.8102200324595066,0.0,2.0006317146220294,0.0,0.0,1.0,0.0,1.0,0.0
0,1,0.3834991040226607,0.8102200324595066,0.0,-0.471262979173729,0.0,0.0,1.0,0.0,0.0,1.0
0,0,-0.2801113868926384,0.8102200324595066,0.0,-0.3882151337299979,0.0,0.0,1.0,0.0,0.0,1.0
1,0,-2.105040236909711,2.222952026434889,0.0,0.7304881960708492,0.0,0.0,1.0,0.0,1.0,0.0
0,1,-0.2801113868926384,-0.6025119615158758,0.0,-0.661784506956406,0.0,0.0,1.0,0.0,1.0,0.0
0,1,-0.19716007552822604,0.8102200324595066,0.0,-0.46861521845428766,1.0,0.0,0.0,0.0,0.0,1.0
1,1,1.0471095949379599,0.8102200324595066,0.0,1.3926335529610958,0.0,0.0,1.0,1.0,0.0,0.0
1,1,-0.7778192550791128,0.8102200324595066,0.0,-0.4057186884491091,1.0,0.0,0.0,0.0,0.0,1.0
0,1,-0.6948679437147004,-0.6025119615158758,0.0,-0.7910362654711258,0.0,0.0,1.0,0.0,0.0,1.0
0,1,-0.6948679437147004,-0.6025119615158758,0.0,-0.3882151337299979,0.0,0.0,1.0,0.0,0.0,1.0
0,1,2.084000986993115,-0.6025119615158758,0.0,0.40419809648980903,0.0,0.0,1.0,1.0,0.0,0.0
0,1,2.084000986993115,-0.6025119615158758,0.0,-0.5714089104441106,0.0,1.0,0.0,0.0,1.0,0.0
1,0,-0.6948679437147004,-0.6025119615158758,0.0,2.0316232164746784,0.0,0.0,1.0,1.0,0.0,0.0
0,1,-0.2801113868926384,-0.6025119615158758,0.0,-0.7890040358414437,0.0,0.0,1.0,0.0,0.0,1.0
0,1,0.02673527282213031,-0.6025119615158758,0.0,-0.7969424328323887,0.0,1.0,0.0,0.0,0.0,1.0
1,1,2.084000986993115,-0.6025119615158758,0.0,0.2908231319569791,0.0,0.0,1.0,1.0,0.0,0.0
0,1,1.7936713972176714,-0.6025119615158758,0.0,-0.8301176045034698,0.0,0.0,1.0,0.0,0.0,1.0
1,1,0.21759648129383594,-0.6025119615158758,0.0,0.3152489688521941,1.0,0.0,0.0,1.0,0.0,0.0
0,1,0.02673527282213031,-0.6025119615158758,0.0,-1.1747270817559212,0.0,0.0,1.0,1.0,0.0,0.0
0,0,-1.690283680087649,2.9293180234225806,0.0,0.18823461699707605,0.0,0.0,1.0,0.0,0.0,1.0
1,0,-0.11420876416381363,-0.6025119615158758,0.0,-0.539655322480331,0.0,0.0,1.0,0.0,1.0,0.0
0,1,0.21759648129383594,-0.6025119615158758,0.0,-0.7875775669667633,0.0,0.0,1.0,0.0,0.0,1.0
0,1,0.13464516992942355,0.8102200324595066,0.0,0.1076293552428666,0.0,0.0,1.0,0.0,1.0,0.0
0,0,0.9641582835735475,-0.6025119615158758,0.0,0.7640737218017698,0.0,0.0,1.0,0.0,0.0,1.0
0,1,0.02673527282213031,0.8102200324595066,0.0,-0.3882151337299979,0.0,0.0,1.0,0.0,0.0,1.0
0,1,-0.7778192550791128,-0.6025119615158758,0.0,-0.7910362654711258,0.0,0.0,1.0,0.0,0.0,1.0
1,0,-0.4460140096214632,-0.6025119615158758,0.0,2.0316232164746784,1.0,0.0,0.0,1.0,0.0,0.0
0,0,-2.2294672039563297,2.9293180234225806,0.0,0.18823461699707605,0.0,0.0,1.0,0.0,0.0,1.0
1,1,0.02673527282213031,-0.6025119615158758,0.0,1.5851873103734548,0.0,0.0,1.0,0.0,0.0,1.0
1,0,-2.2294672039563297,2.222952026434889,0.0,-0.23392689239768297,1.0,0.0,0.0,0.0,0.0,1.0
1,1,1.5448174631244342,0.8102200324595066,0.0,2.0316232164746784,1.0,0.0,0.0,1.0,0.0,0.0
0,1,-0.8607705664435251,-0.6025119615158758,0.0,-0.7890040358414437,0.0,0.0,1.0,0.0,0.0,1.0
1,1,2.084000986993115,-0.6025119615158758,0.0,0.5595073378043441,1.0,0.0,0.0,1.0,0.0,0.0
0,1,0.02673527282213031,-0.6025119615158758,0.0,-0.8058969446381745,0.0,0.0,1.0,0.0,0.0,1.0
1,0,-0.5289653209858756,-0.6025119615158758,0.0,-0.8058969446381745,0.0,0.0,1.0,0.0,0.0,1.0
0,1,0.02673527282213031,-0.6025119615158758,0.0,-0.7890040358414437,0.0,0.0,1.0,0.0,0.0,1.0
1,0,-0.9437218778079376,-0.6025119615158758,0.0,-0.051138584576030925,0.0,0.0,1.0,0.0,1.0,0.0
0,1,-0.6948679437147004,-0.6025119615158758,0.0,-0.7627462611790877,0.0,0.0,1.0,0.0,0.0,1.0
1,0,0.02673527282213031,-0.6025119615158758,0.0,-0.7922575573158865,0.0,1.0,0.0,0.0,0.0,1.0
0,0,-0.9437218778079376,-0.6025119615158758,0.0,-0.8449782836705185,0.0,1.0,0.0,0.0,0.0,1.0
0,1,-0.4460140096214632,2.222952026434889,0.0,2.0316232164746784,0.0,0.0,1.0,0.0,1.0,0.0
0,1,0.02673527282213031,-0.6025119615158758,0.0,-0.7890040358414437,0.0,0.0,1.0,0.0,0.0,1.0
0,0,0.21759648129383594,0.8102200324595066,0.0,-0.417526138004256,0.0,1.0,0.0,0.0,0.0,1.0
0,1,-0.5289653209858756,-0.6025119615158758,0.0,-0.539655322480331,0.0,0.0,1.0,0.0,1.0,0.0
0,1,2.084000986993115,-0.6025119615158758,0.0,2.0316232164746784,1.0,0.0,0.0,1.0,0.0,0.0
1,1,1.710720085853259,2.222952026434889,0.0,2.0316232164746784,0.0,0.0,1.0,1.0,0.0,0.0
0,1,0.881206972209135,-0.6025119615158758,0.0,-0.8217737386200644,1.0,0.0,0.0,0.0,0.0,1.0
0,1,1.4618661517600218,-0.6025119615158758,0.0,0.07526512135670665,0.0,0.0,1.0,1.0,0.0,0.0
0,1,0.5494017267514855,-0.6025119615158758,0.0,-0.8085447053576159,0.0,0.0,1.0,0.0,0.0,1.0
1,1,-0.7778192550791128,0.8102200324595066,0.0,-0.7875775669667633,0.0,0.0,1.0,0.0,0.0,1.0
0,1,0.21759648129383594,2.222952026434889,0.0,2.0316232164746784,0.0,0.0,1.0,0.0,1.0,0.0
0,1,-0.3630626982570508,-0.6025119615158758,0.0,-0.539655322480331,0.0,0.0,1.0,0.0,1.0,0.0
0,1,0.02673527282213031,-0.6025119615158758,0.0,-0.7949053180353277,0.0,0.0,1.0,0.0,0.0,1.0
0,1,1.1300609063023723,-0.6025119615158758,0.0,-0.7814711077429595,0.0,0.0,1.0,0.0,0.0,1.0
1,0,0.02673527282213031,0.8102200324595066,0.0,1.3655599553464393,0.0,0.0,1.0,1.0,0.0,0.0
1,0,0.881206972209135,0.8102200324595066,0.0,0.7304881960708492,0.0,0.0,1.0,0.0,1.0,0.0
0,1,0.13464516992942355,0.8102200324595066,0.0,1.3655599553464393,0.0,0.0,1.0,1.0,0.0,0.0
0,1,2.084000986993115,-0.6025119615158758,0.0,-0.661784506956406,0.0,0.0,1.0,0.0,1.0,0.0
1,1,0.13464516992942355,-0.6025119615158758,0.0,-0.539655322480331,0.0,0.0,1.0,0.0,1.0,0.0
0,1,0.02673527282213031,-0.6025119615158758,0.0,-1.1747270817559212,0.0,0.0,1.0,0.0,1.0,0.0
0,1,-0.9437218778079376,-0.6025119615158758,0.0,-0.7949053180353277,0.0,0.0,1.0,0.0,0.0,1.0
0,1,-0.404538353939257,-0.6025119615158758,0.0,-0.7814711077429595,0.0,0.0,1.0,0.0,0.0,1.0
1,0,-0.9437218778079376,-0.6025119615158758,0.0,-0.6939435638126461,0.0,0.0,1.0,0.0,0.0,1.0
0,0,1.1300609063023723,0.8102200324595066,0.0,1.1164164190152461,0.0,0.0,1.0,0.0,0.0,1.0
1,1,0.5494017267514855,-0.6025119615158758,0.0,2.0316232164746784,1.0,0.0,0.0,1.0,0.0,0.0
0,0,0.02673527282213031,-0.6025119615158758,0.0,-0.777196586286297,0.0,1.0,0.0,0.0,0.0,1.0
1,1,-0.19716007552822604,-0.6025119615158758,0.0,2.0316232164746784,1.0,0.0,0.0,1.0,0.0,0.0
0,1,-0.7778192550791128,-0.6025119615158758,0.0,-0.7240703910392043,0.0,0.0,1.0,0.0,0.0,1.0
0,1,-1.2755271232655871,2.9293180234225806,0.0,1.1164164190152461,0.0,0.0,1.0,0.0,0.0,1.0
0,1,2.084000986993115,0.8102200324595066,0.0,0.7304881960708492,0.0,0.0,1.0,0.0,1.0,0.0
0,1,-0.3630626982570508,0.8102200324595066,0.0,0.8564864331111263,1.0,0.0,0.0,0.0,1.0,0.0
0,1,-1.2755271232655871,2.9293180234225806,0.0,0.7640737218017698,0.0,0.0,1.0,0.0,0.0,1.0
0,1,-0.8607705664435251,-0.6025119615158758,0.0,-0.6778664779682156,0.0,0.0,1.0,0.0,0.0,1.0
0,1,-0.9437218778079376,-0.6025119615158758,0.0,-0.7938892032204868,0.0,0.0,1.0,0.0,0.0,1.0
1,0,-1.1925758119011747,-0.6025119615158758,0.0,2.0316232164746784,0.0,0.0,1.0,1.0,0.0,0.0
1,1,0.13464516992942355,0.8102200324595066,0.0,1.6098183242985895,0.0,0.0,1.0,1.0,0.0,0.0
1,0,-2.105040236909711,-0.6025119615158758,0.0,-0.5192988300118588,1.0,0.0,0.0,0.0,0.0,1.0
1,1,0.02673527282213031,-0.6025119615158758,0.0,1.5851873103734548,0.0,0.0,1.0,0.0,0.0,1.0
0,1,-0.3630626982570508,-0.6025119615158758,0.0,-0.8217737386200644,1.0,0.0,0.0,0.0,0.0,1.0
0,1,2.084000986993115,-0.6025119615158758,0.0,0.12228485737999564,0.0,0.0,1.0,1.0,0.0,0.0
0,1,1.8766227085820837,-0.6025119615158758,0.0,-0.515229485585116,0.0,0.0,1.0,0.0,1.0,0.0
0,1,1.2130122176667846,-0.6025119615158758,0.0,-0.7814711077429595,0.0,0.0,1.0,0.0,0.0,1.0
1,0,0.02673527282213031,-0.6025119615158758,0.0,-0.7969424328323887,0.0,1.0,0.0,0.0,0.0,1.0
0,1,1.6277687744888465,0.8102200324595066,0.0,2.0316232164746784,1.0,0.0,0.0,1.0,0.0,0.0
0,1,1.0471095949379599,-0.6025119615158758,0.0,-0.8010117772591314,0.0,0.0,1.0,0.0,0.0,1.0
1,0,-0.9437218778079376,0.8102200324595066,0.0,2.0316232164746784,1.0,0.0,0.0,1.0,0.0,0.0
1,1,0.4664504153870731,-0.6025119615158758,0.0,0.1094612930100078,0.0,0.0,1.0,1.0,0.0,0.0
0,0,-0.9437218778079376,-0.6025119615158758,0.0,-0.46861521845428766,1.0,0.0,0.0,0.0,0.0,1.0
0,1,-0.3630626982570508,-0.6025119615158758,0.0,-0.7965320787725492,0.0,1.0,0.0,0.0,0.0,1.0
0,1,-0.2801113868926384,0.8102200324595066,0.0,-0.7910362654711258,0.0,0.0,1.0,0.0,0.0,1.0
0,1,0.7982556608447227,-0.6025119615158758,0.0,0.0954164367952591,0.0,0.0,1.0,0.0,1.0,0.0
1,0,1.295963529031197,-0.6025119615158758,0.0,-0.515229485585116,0.0,0.0,1.0,0.0,1.0,0.0
1,1,1.0471095949379599,-0.6025119615158758,0.0,0.1094612930100078,0.0,0.0,1.0,1.0,0.0,0.0
1,0,-0.6119166323502879,-0.6025119615158758,0.0,2.0316232164746784,0.0,0.0,1.0,1.0,0.0,0.0
1,1,0.02673527282213031,0.8102200324595066,0.0,-0.42994423348178334,1.0,0.0,0.0,0.0,0.0,1.0
1,0,-0.4460140096214632,-0.6025119615158758,0.0,1.2436359479002839,1.0,0.0,0.0,1.0,0.0,0.0
0,1,0.02673527282213031,-0.6025119615158758,0.0,0.12228485737999564,0.0,0.0,1.0,1.0,0.0,0.0
1,1,1.5448174631244342,0.8102200324595066,0.0,1.3655599553464393,0.0,0.0,1.0,1.0,0.0,0.0
0,1,-0.031257452799401245,-0.6025119615158758,0.0,-0.7114520036991362,0.0,0.0,1.0,0.0,0.0,1.0
0,1,1.8766227085820837,-0.6025119615158758,0.0,-0.539655322480331,0.0,0.0,1.0,0.0,1.0,0.0
0,1,-0.8607705664435251,-0.6025119615158758,0.0,-0.8010117772591314,0.0,0.0,1.0,0.0,0.0,1.0
1,0,0.7153043494803103,-0.6025119615158758,0.0,2.0316232164746784,1.0,0.0,0.0,1.0,0.0,0.0
1,0,-0.19716007552822604,-0.6025119615158758,0.0,-0.661784506956406,0.0,0.0,1.0,0.0,1.0,0.0
0,1,0.02673527282213031,-0.6025119615158758,0.0,-0.417526138004256,0.0,1.0,0.0,0.0,0.0,1.0
0,1,0.3005477926582483,-0.6025119615158758,0.0,-0.7949053180353277,0.0,0.0,1.0,0.0,0.0,1.0
1,0,-1.9391376141808863,-0.6025119615158758,0.0,0.4373781533282692,0.0,0.0,1.0,0.0,1.0,0.0
0,1,-1.02667318917235,0.8102200324595066,0.0,-0.8301176045034698,0.0,0.0,1.0,0.0,0.0,1.0
0,1,0.3834991040226607,-0.6025119615158758,0.0,-0.539655322480331,0.0,0.0,1.0,0.0,1.0,0.0
0,1,1.710720085853259,-0.6025119615158758,0.0,-0.539655322480331,0.0,0.0,1.0,0.0,1.0,0.0
1,1,-0.19716007552822604,0.8102200324595066,0.0,1.4192967965159125,0.0,0.0,1.0,1.0,0.0,0.0
0,1,-0.7778192550791128,-0.6025119615158758,0.0,-0.7515494575463212,0.0,0.0,1.0,0.0,0.0,1.0
1,0,0.051693858565011144,2.9293180234225806,0.0,-0.14884193215689093,0.0,0.0,1.0,0.0,1.0,0.0
1,0,0.02673527282213031,-0.6025119615158758,0.0,-0.7967372558024689,0.0,1.0,0.0,0.0,0.0,1.0
0,1,-0.3630626982570508,0.8102200324595066,0.0,0.0954164367952591,0.0,0.0,1.0,0.0,1.0,0.0
0,0,-0.3630626982570508,0.8102200324595066,0.0,-0.7875775669667633,0.0,0.0,1.0,0.0,0.0,1.0
1,0,-0.031257452799401245,-0.6025119615158758,0.0,2.0316232164746784,0.0,0.0,1.0,1.0,0.0,0.0
0,1,-1.5243810573588243,-0.6025119615158758,0.0,-0.25692626041821726,1.0,0.0,0.0,0.0,0.0,1.0
0,1,0.02673527282213031,-0.6025119615158758,0.0,-1.1747270817559212,0.0,0.0,1.0,0.0,1.0,0.0
0,1,-0.5289653209858756,-0.6025119615158758,0.0,-0.539655322480331,0.0,0.0,1.0,0.0,1.0,0.0
0,1,-0.5289653209858756,-0.6025119615158758,0.0,-0.539655322480331,0.0,0.0,1.0,0.0,1.0,0.0
0,1,-0.07273310848160744,-0.6025119615158758,0.0,-0.3882151337299979,0.0,0.0,1.0,0.0,0.0,1.0
0,0,1.5448174631244342,0.8102200324595066,0.0,0.5045492047901105,0.0,0.0,1.0,0.0,0.0,1.0
1,1,0.4664504153870731,-0.6025119615158758,0.0,2.0316232164746784,1.0,0.0,0.0,1.0,0.0,0.0
0,1,0.02673527282213031,-0.6025119615158758,0.0,-0.7890040358414437,0.0,0.0,1.0,0.0,0.0,1.0
0,1,0.02673527282213031,-0.6025119615158758,0.0,-0.7890040358414437,0.0,0.0,1.0,0.0,0.0,1.0
1,1,0.02673527282213031,-0.6025119615158758,0.0,0.2908231319569791,0.0,0.0,1.0,1.0,0.0,0.0
0,1,0.5494017267514855,0.8102200324595066,0.0,2.0316232164746784,0.0,0.0,1.0,1.0,0.0,0.0
1,0,-0.6948679437147004,2.222952026434889,0.0,2.0316232164746784,1.0,0.0,0.0,1.0,0.0,0.0
0,1,-0.4460140096214632,0.8102200324595066,0.0,-0.3882151337299979,0.0,0.0,1.0,0.0,0.0,1.0
1,1,0.13464516992942355,-0.6025119615158758,0.0,-0.7875775669667633,0.0,0.0,1.0,0.0,0.0,1.0
0,1,2.084000986993115,0.8102200324595066,0.0,2.0316232164746784,0.0,0.0,1.0,1.0,0.0,0.0
0,1,-1.1096245005367624,0.8102200324595066,0.0,-0.18548068749971344,0.0,0.0,1.0,0.0,0.0,1.0
1,0,0.051693858565011144,-0.6025119615158758,0.0,-0.539655322480331,0.0,0.0,1.0,0.0,1.0,0.0
0,1,-0.8607705664435251,0.8102200324595066,0.0,1.4192967965159125,0.0,0.0,1.0,1.0,0.0,0.0
0,1,0.13464516992942355,-0.6025119615158758,0.0,-0.7961266098800885,0.0,1.0,0.0,0.0,0.0,1.0
1,0,-2.105040236909711,0.8102200324595066,0.0,-0.051138584576030925,0.0,0.0,1.0,0.0,1.0,0.0
1,1,-1.9391376141808863,-0.6025119615158758,0.0,-0.5653024512203068,0.0,0.0,1.0,0.0,0.0,1.0
0,1,0.3005477926582483,-0.6025119615158758,0.0,-0.710636180746836,0.0,0.0,1.0,0.0,0.0,1.0
0,1,-0.5289653209858756,-0.6025119615158758,0.0,-0.7890040358414437,0.0,0.0,1.0,0.0,0.0,1.0
1,0,1.5448174631244342,0.8102200324595066,0.0,2.0006317146220294,0.0,0.0,1.0,0.0,1.0,0.0
1,1,-2.2294672039563297,0.8102200324595066,0.0,-0.466377811794686,0.0,0.0,1.0,0.0,1.0,0.0
0,1,-0.11420876416381363,-0.6025119615158758,0.0,-0.7938892032204868,0.0,0.0,1.0,0.0,0.0,1.0
0,1,-0.9437218778079376,-0.6025119615158758,0.0,-0.612932833165976,0.0,0.0,1.0,0.0,1.0,0.0
0,1,0.3834991040226607,-0.6025119615158758,0.0,-0.7814711077429595,0.0,0.0,1.0,0.0,0.0,1.0
1,0,0.3005477926582483,-0.6025119615158758,0.0,2.0316232164746784,0.0,0.0,1.0,1.0,0.0,0.0
0,1,0.02673527282213031,-0.6025119615158758,0.0,-0.466377811794686,0.0,0.0,1.0,0.0,0.0,1.0
0,1,0.9641582835735475,-0.6025119615158758,0.0,-0.8266589059991073,0.0,0.0,1.0,0.0,0.0,1.0
1,1,-0.7778192550791128,-0.6025119615158758,0.0,-0.8215685615901446,1.0,0.0,0.0,0.0,0.0,1.0
1,0,0.5494017267514855,0.8102200324595066,0.0,2.0316232164746784,0.0,0.0,1.0,1.0,0.0,0.0
0,1,-1.1096245005367624,-0.6025119615158758,0.0,-0.7949053180353277,0.0,0.0,1.0,0.0,0.0,1.0
1,0,1.7936713972176714,0.8102200324595066,0.0,2.0316232164746784,0.0,0.0,1.0,1.0,0.0,0.0
0,1,0.02673527282213031,-0.6025119615158758,0.0,0.7597992003451073,1.0,0.0,0.0,1.0,0.0,0.0
0,0,0.09316951424721734,-0.6025119615158758,0.0,-0.7961266098800885,0.0,1.0,0.0,0.0,0.0,1.0
0,1,0.02673527282213031,0.8102200324595066,0.0,0.005040840282963516,0.0,1.0,0.0,0.0,0.0,1.0
0,1,0.21759648129383594,-0.6025119615158758,0.0,-0.7662049596834501,0.0,0.0,1.0,0.0,0.0,1.0
0,1,-0.4460140096214632,-0.6025119615158758,0.0,-0.710636180746836,0.0,0.0,1.0,0.0,0.0,1.0
0,1,1.5448174631244342,-0.6025119615158758,0.0,-0.7910362654711258,0.0,0.0,1.0,0.0,0.0,1.0
0,0,2.084000986993115,-0.6025119615158758,0.0,-0.661784506956406,0.0,0.0,1.0,0.0,1.0,0.0
0,1,0.02673527282213031,-0.6025119615158758,0.0,-0.8217737386200644,1.0,0.0,0.0,0.0,0.0,1.0
1,0,2.0425253313109084,0.8102200324595066,0.0,-0.051138584576030925,0.0,0.0,1.0,0.0,1.0,0.0
0,1,-0.9437218778079376,-0.6025119615158758,0.0,-0.7961266098800885,0.0,0.0,1.0,0.0,0.0,1.0
0,1,0.02673527282213031,-0.6025119615158758,0.0,-0.7961266098800885,0.0,1.0,0.0,0.0,0.0,1.0
1,0,-2.0220889255452987,-0.6025119615158758,0.0,-0.5653024512203068,0.0,0.0,1.0,0.0,0.0,1.0
0,1,0.02673527282213031,-0.6025119615158758,0.0,-0.7967372558024689,0.0,1.0,0.0,0.0,0.0,1.0
1,0,1.1300609063023723,-0.6025119615158758,0.0,2.0316232164746784,0.0,0.0,1.0,1.0,0.0,0.0
1,0,-1.3584784346299994,-0.6025119615158758,0.0,-0.8215685615901446,1.0,0.0,0.0,0.0,0.0,1.0
1,0,-1.02667318917235,0.8102200324595066,0.0,1.6098183242985895,0.0,0.0,1.0,1.0,0.0,0.0
0,1,-0.031257452799401245,-0.6025119615158758,0.0,0.2908231319569791,0.0,0.0,1.0,1.0,0.0,0.0
0,1,0.02673527282213031,0.8102200324595066,0.0,-0.029155331370337455,0.0,0.0,1.0,0.0,0.0,1.0
0,1,-0.3630626982570508,-0.6025119615158758,0.0,-0.8303227815333896,0.0,0.0,1.0,0.0,0.0,1.0
0,1,-0.3630626982570508,-0.6025119615158758,0.0,-0.8205524467753036,0.0,0.0,1.0,0.0,0.0,1.0
1,0,-0.9437218778079376,-0.6025119615158758,0.0,-0.8085447053576159,0.0,0.0,1.0,0.0,0.0,1.0
0,1,-1.7732349914520615,2.9293180234225806,0.0,0.24807791739035287,0.0,1.0,0.0,0.0,0.0,1.0
1,1,-2.2294672039563297,0.8102200324595066,0.0,-0.16960389351782373,0.0,0.0,1.0,0.0,0.0,1.0
0,1,1.3789148403956093,-0.6025119615158758,0.0,2.0316232164746784,1.0,0.0,0.0,1.0,0.0,0.0
0,1,0.02673527282213031,-0.6025119615158758,0.0,-0.7961266098800885,0.0,1.0,0.0,0.0,0.0,1.0
0,1,-1.1096245005367624,-0.6025119615158758,0.0,0.0954164367952591,0.0,0.0,1.0,0.0,1.0,0.0
0,0,0.02673527282213031,2.9293180234225806,0.0,2.0316232164746784,0.0,0.0,1.0,0.0,0.0,1.0
0,1,0.02673527282213031,-0.6025119615158758,0.0,0.32481412658036024,1.0,0.0,0.0,1.0,0.0,0.0
0,1,-0.3630626982570508,-0.6025119615158758,0.0,-0.7890040358414437,0.0,0.0,1.0,0.0,0.0,1.0
0,1,0.7982556608447227,-0.6025119615158758,0.0,-0.539655322480331,0.0,0.0,1.0,0.0,1.0,0.0
1,0,1.6277687744888465,-0.6025119615158758,0.0,0.09195773829089673,0.0,0.0,1.0,1.0,0.0,0.0
1,0,0.13464516992942355,-0.6025119615158758,0.0,-0.7505333427314803,0.0,0.0,1.0,0.0,0.0,1.0
0,1,0.051693858565011144,-0.6025119615158758,0.0,-0.8215685615901446,1.0,0.0,0.0,0.0,0.0,1.0
0,0,0.051693858565011144,0.8102200324595066,0.0,0.005040840282963516,0.0,0.0,1.0,0.0,0.0,1.0
0,1,0.3834991040226607,-0.6025119615158758,0.0,-0.539655322480331,0.0,0.0,1.0,0.0,1.0,0.0
1,0,0.13464516992942355,0.8102200324595066,0.0,0.1076293552428666,0.0,0.0,1.0,0.0,1.0,0.0
1,1,-1.5243810573588243,0.8102200324595066,0.0,2.0316232164746784,0.0,0.0,1.0,1.0,0.0,0.0
1,1,-2.2294672039563297,-0.6025119615158758,0.0,-0.7586720315849659,1.0,0.0,0.0,0.0,0.0,1.0
1,1,-0.19716007552822604,-0.6025119615158758,0.0,-0.8339866570676719,0.0,0.0,1.0,0.0,0.0,1.0
0,1,0.13464516992942355,-0.6025119615158758,0.0,-0.7949053180353277,0.0,0.0,1.0,0.0,0.0,1.0
0,1,0.7982556608447227,-0.6025119615158758,0.0,-1.1747270817559212,0.0,0.0,1.0,1.0,0.0,0.0
0,0,-0.9437218778079376,-0.6025119615158758,0.0,-0.7949053180353277,0.0,0.0,1.0,0.0,0.0,1.0
0,1,0.7982556608447227,-0.6025119615158758,0.0,-0.539655322480331,0.0,0.0,1.0,0.0,1.0,0.0
1,0,0.3005477926582483,0.8102200324595066,0.0,1.4192967965159125,0.0,0.0,1.0,1.0,0.0,0.0
0,1,-0.2801113868926384,-0.6025119615158758,0.0,-0.7894095047339045,0.0,0.0,1.0,0.0,0.0,1.0
0,1,0.7982556608447227,-0.6025119615158758,0.0,0.005040840282963516,0.0,0.0,1.0,0.0,0.0,1.0
0,1,0.4664504153870731,-0.6025119615158758,0.0,-0.661784506956406,0.0,0.0,1.0,0.0,1.0,0.0
0,0,-1.9391376141808863,2.9293180234225806,0.0,0.35310901603977735,0.0,0.0,1.0,0.0,0.0,1.0
0,1,0.09316951424721734,-0.6025119615158758,0.0,-0.7814711077429595,0.0,0.0,1.0,0.0,0.0,1.0
0,1,0.02673527282213031,-0.6025119615158758,0.0,-1.1747270817559212,0.0,0.0,1.0,1.0,0.0,0.0
0,0,-0.5289653209858756,-0.6025119615158758,0.0,-0.7875775669667633,0.0,0.0,1.0,0.0,0.0,1.0
0,1,0.13464516992942355,0.8102200324595066,0.0,0.6329900255199089,1.0,0.0,0.0,0.0,1.0,0.0
0,1,1.1300609063023723,-0.6025119615158758,0.0,-0.8596337858076476,0.0,0.0,1.0,0.0,0.0,1.0
0,1,-1.6073323687232366,2.9293180234225806,0.0,0.18823461699707605,0.0,0.0,1.0,0.0,0.0,1.0
1,0,1.8766227085820837,0.8102200324595066,0.0,2.0316232164746784,0.0,0.0,1.0,1.0,0.0,0.0
1,1,-0.19716007552822604,-0.6025119615158758,0.0,-0.7515494575463212,0.0,0.0,1.0,0.0,0.0,1.0
0,1,0.7153043494803103,-0.6025119615158758,0.0,-1.1747270817559212,0.0,0.0,1.0,1.0,0.0,0.0
1,0,-0.19716007552822604,-0.6025119615158758,0.0,-0.5653024512203068,0.0,0.0,1.0,0.0,0.0,1.0
0,1,-2.2294672039563297,2.9293180234225806,0.0,0.7640737218017698,0.0,0.0,1.0,0.0,0.0,1.0
0,1,0.02673527282213031,-0.6025119615158758,0.0,-0.8352079489124326,0.0,1.0,0.0,0.0,0.0,1.0
0,1,0.02673527282213031,-0.6025119615158758,0.0,1.5851873103734548,0.0,0.0,1.0,0.0,0.0,1.0
1,1,-2.2294672039563297,-0.6025119615158758,0.0,0.6329900255199089,1.0,0.0,0.0,0.0,1.0,0.0
1,1,0.02673527282213031,-0.6025119615158758,0.0,-0.7961266098800885,0.0,1.0,0.0,0.0,0.0,1.0
1,0,2.084000986993115,-0.6025119615158758,0.0,2.0316232164746784,0.0,0.0,1.0,1.0,0.0,0.0
1,0,-1.1925758119011747,0.8102200324595066,0.0,-0.46861521845428766,1.0,0.0,0.0,0.0,0.0,1.0
1,1,-2.2294672039563297,0.8102200324595066,0.0,-0.25875819818535845,0.0,0.0,1.0,0.0,1.0,0.0
0,1,0.02673527282213031,-0.6025119615158758,0.0,-0.8215685615901446,1.0,0.0,0.0,0.0,0.0,1.0
0,1,-0.5289653209858756,-0.6025119615158758,0.0,-0.7910362654711258,0.0,0.0,1.0,0.0,0.0,1.0
0,1,-0.9437218778079376,-0.6025119615158758,0.0,-0.7692581892953521,0.0,0.0,1.0,0.0,0.0,1.0
1,0,0.7982556608447227,0.8102200324595066,0.0,2.0316232164746784,1.0,0.0,0.0,1.0,0.0,0.0
0,1,-0.6948679437147004,-0.6025119615158758,0.0,-0.7515494575463212,0.0,0.0,1.0,0.0,0.0,1.0
0,1,0.02673527282213031,-0.6025119615158758,0.0,-0.7814711077429595,0.0,0.0,1.0,0.0,0.0,1.0
1,1,0.21759648129383594,-0.6025119615158758,0.0,1.5851873103734548,0.0,0.0,1.0,0.0,0.0,1.0
1,1,0.02673527282213031,-0.6025119615158758,0.0,0.2761676298198501,1.0,0.0,0.0,1.0,0.0,0.0
0,1,-0.7778192550791128,-0.6025119615158758,0.0,-0.7875775669667633,0.0,0.0,1.0,0.0,0.0,1.0
0,1,-1.1096245005367624,-0.6025119615158758,0.0,-0.661784506956406,0.0,0.0,1.0,0.0,1.0,0.0
1,0,0.051693858565011144,-0.6025119615158758,0.0,0.33967480574740916,1.0,0.0,0.0,1.0,0.0,0.0
0,1,0.4249747597048669,-0.6025119615158758,0.0,-0.860244431730028,1.0,0.0,0.0,0.0,0.0,1.0
0,1,-1.02667318917235,-0.6025119615158758,0.0,-0.7515494575463212,0.0,0.0,1.0,0.0,0.0,1.0
0,1,1.0471095949379599,-0.6025119615158758,0.0,-0.8058969446381745,0.0,0.0,1.0,0.0,0.0,1.0
0,1,0.02673527282213031,2.9293180234225806,0.0,2.0316232164746784,0.0,0.0,1.0,0.0,0.0,1.0
0,1,0.4664504153870731,-0.6025119615158758,0.0,-0.7890040358414437,1.0,0.0,0.0,0.0,0.0,1.0
0,1,-0.11420876416381363,-0.6025119615158758,0.0,0.4373781533282692,0.0,0.0,1.0,0.0,1.0,0.0
1,0,0.02673527282213031,0.8102200324595066,0.0,2.0316232164746784,1.0,0.0,0.0,1.0,0.0,0.0
0,1,-2.105040236909711,2.9293180234225806,0.0,0.35310901603977735,0.0,0.0,1.0,0.0,0.0,1.0
0,1,2.084000986993115,-0.6025119615158758,0.0,-0.7949053180353277,0.0,0.0,1.0,0.0,0.0,1.0
0,0,-1.690283680087649,0.8102200324595066,0.0,-0.42994423348178334,1.0,0.0,0.0,0.0,0.0,1.0
1,0,-1.1096245005367624,-0.6025119615158758,0.0,0.7500288655870212,0.0,0.0,1.0,1.0,0.0,0.0
0,0,1.2130122176667846,0.8102200324595066,0.0,0.0954164367952591,0.0,0.0,1.0,0.0,1.0,0.0
1,0,-0.9437218778079376,-0.6025119615158758,0.0,-0.7179639318154005,0.0,0.0,1.0,0.0,0.0,1.0
1,0,1.295963529031197,0.8102200324595066,0.0,2.0316232164746784,0.0,0.0,1.0,1.0,0.0,0.0
1,1,1.7936713972176714,-0.6025119615158758,0.0,0.12228485737999564,0.0,0.0,1.0,1.0,0.0,0.0
1,0,-0.4460140096214632,-0.6025119615158758,0.0,-0.23392689239768297,1.0,0.0,0.0,0.0,0.0,1.0
0,1,0.02673527282213031,-0.6025119615158758,0.0,-0.8215685615901446,1.0,0.0,0.0,0.0,0.0,1.0
0,1,0.9641582835735475,2.222952026434889,0.0,-0.48551301241839745,0.0,0.0,1.0,0.0,0.0,1.0
0,1,-0.6948679437147004,0.8102200324595066,0.0,-0.612932833165976,0.0,0.0,1.0,0.0,1.0,0.0
1,0,1.5448174631244342,-0.6025119615158758,0.0,0.09195773829089673,0.0,0.0,1.0,1.0,0.0,0.0
0,0,0.02673527282213031,2.9293180234225806,0.0,2.0316232164746784,0.0,0.0,1.0,0.0,0.0,1.0
0,1,-0.4460140096214632,-0.6025119615158758,0.0,-0.539655322480331,0.0,0.0,1.0,0.0,1.0,0.0
1,0,1.0471095949379599,-0.6025119615158758,0.0,-0.539655322480331,0.0,0.0,1.0,0.0,1.0,0.0
1,0,-0.19716007552822604,0.8102200324595066,0.0,-0.4977259308660049,1.0,0.0,0.0,0.0,1.0,0.0
0,1,0.13464516992942355,-0.6025119615158758,0.0,1.2920772676308747,0.0,0.0,1.0,1.0,0.0,0.0
0,1,0.02673527282213031,-0.6025119615158758,0.0,-0.710636180746836,0.0,0.0,1.0,0.0,0.0,1.0
1,1,-2.105040236909711,0.8102200324595066,0.0,-0.6308467419449267,0.0,0.0,1.0,0.0,0.0,1.0
0,1,-0.2801113868926384,-0.6025119615158758,0.0,-0.7890040358414437,0.0,0.0,1.0,0.0,0.0,1.0
1,0,1.4618661517600218,0.8102200324595066,0.0,1.3926335529610958,0.0,0.0,1.0,1.0,0.0,0.0
0,1,0.3005477926582483,-0.6025119615158758,0.0,-0.9304687128037711,0.0,0.0,1.0,1.0,0.0,0.0
0,1,1.4618661517600218,-0.6025119615158758,0.0,-0.735062017642051,0.0,0.0,1.0,0.0,0.0,1.0
1,0,-0.11420876416381363,0.8102200324595066,0.0,-0.002286910785600916,1.0,0.0,0.0,0.0,1.0,0.0
1,0,-1.1925758119011747,-0.6025119615158758,0.0,-0.8217737386200644,1.0,0.0,0.0,0.0,0.0,1.0
0,1,-0.7778192550791128,-0.6025119615158758,0.0,-0.6937432719501053,0.0,0.0,1.0,0.0,0.0,1.0
0,1,-0.8607705664435251,-0.6025119615158758,0.0,-0.7890040358414437,0.0,0.0,1.0,0.0,0.0,1.0
0,1,0.02673527282213031,-0.6025119615158758,0.0,-0.7890040358414437,0.0,0.0,1.0,0.0,0.0,1.0
1,0,2.084000986993115,-0.6025119615158758,0.0,2.0316232164746784,1.0,0.0,0.0,1.0,0.0,0.0
1,0,-0.3630626982570508,-0.6025119615158758,0.0,0.0954164367952591,0.0,0.0,1.0,0.0,1.0,0.0
0,1,0.3005477926582483,-0.6025119615158758,0.0,-0.7890040358414437,0.0,0.0,1.0,0.0,0.0,1.0
0,0,-0.6119166323502879,-0.6025119615158758,0.0,-0.6609686840041058,0.0,0.0,1.0,0.0,0.0,1.0
0,1,-0.11420876416381363,-0.6025119615158758,0.0,-0.661784506956406,0.0,0.0,1.0,0.0,1.0,0.0
0,1,-0.3630626982570508,-0.6025119615158758,0.0,-0.8303227815333896,0.0,0.0,1.0,0.0,0.0,1.0
0,0,0.7982556608447227,-0.6025119615158758,0.0,0.24807791739035287,0.0,1.0,0.0,0.0,0.0,1.0
0,1,-0.19716007552822604,-0.6025119615158758,0.0,-0.539655322480331,0.0,0.0,1.0,0.0,1.0,0.0
1,0,-0.8607705664435251,-0.6025119615158758,0.0,0.2908231319569791,0.0,0.0,1.0,1.0,0.0,0.0
0,0,0.02673527282213031,0.8102200324595066,0.0,-0.029155331370337455,0.0,0.0,1.0,0.0,0.0,1.0
1,1,-0.2801113868926384,-0.6025119615158758,0.0,0.2908231319569791,1.0,0.0,0.0,1.0,0.0,0.0
0,1,0.21759648129383594,-0.6025119615158758,0.0,-0.7961266098800885,0.0,1.0,0.0,0.0,0.0,1.0
